-- MySQL dump 10.13  Distrib 8.0.22, for Win64 (x86_64)
--
-- Host: localhost    Database: bdkino
-- ------------------------------------------------------
-- Server version	8.0.22

/*!40101 SET @OLD_CHARACTER_SET_CLIENT=@@CHARACTER_SET_CLIENT */;
/*!40101 SET @OLD_CHARACTER_SET_RESULTS=@@CHARACTER_SET_RESULTS */;
/*!40101 SET @OLD_COLLATION_CONNECTION=@@COLLATION_CONNECTION */;
/*!50503 SET NAMES utf8mb4 */;
/*!40103 SET @OLD_TIME_ZONE=@@TIME_ZONE */;
/*!40103 SET TIME_ZONE='+00:00' */;
/*!40014 SET @OLD_UNIQUE_CHECKS=@@UNIQUE_CHECKS, UNIQUE_CHECKS=0 */;
/*!40014 SET @OLD_FOREIGN_KEY_CHECKS=@@FOREIGN_KEY_CHECKS, FOREIGN_KEY_CHECKS=0 */;
/*!40101 SET @OLD_SQL_MODE=@@SQL_MODE, SQL_MODE='NO_AUTO_VALUE_ON_ZERO' */;
/*!40111 SET @OLD_SQL_NOTES=@@SQL_NOTES, SQL_NOTES=0 */;

--
-- Table structure for table `bilet`
--

DROP TABLE IF EXISTS `bilet`;
/*!40101 SET @saved_cs_client     = @@character_set_client */;
/*!50503 SET character_set_client = utf8mb4 */;
CREATE TABLE `bilet` (
  `Id_biletu` int NOT NULL AUTO_INCREMENT,
  `Id_seansu` int NOT NULL,
  `Id_pracownika` int NOT NULL,
  `Cena` int NOT NULL,
  `Id_miejsca` int NOT NULL,
  `Id_statusu` int NOT NULL,
  PRIMARY KEY (`Id_biletu`),
  KEY `Id_miejsca` (`Id_miejsca`),
  KEY `Id_pracownika3` (`Id_pracownika`),
  KEY `Id_seansu` (`Id_seansu`),
  KEY `Id_statusu` (`Id_statusu`),
  CONSTRAINT `Id_miejsca` FOREIGN KEY (`Id_miejsca`) REFERENCES `miejsce` (`Id_miejsca`),
  CONSTRAINT `Id_pracownika3` FOREIGN KEY (`Id_pracownika`) REFERENCES `pracownik` (`Id_pracownika`),
  CONSTRAINT `Id_seansu` FOREIGN KEY (`Id_seansu`) REFERENCES `seanse` (`Id_seansu`),
  CONSTRAINT `Id_statusu` FOREIGN KEY (`Id_statusu`) REFERENCES `statustab` (`Id_statusu`)
) ENGINE=InnoDB AUTO_INCREMENT=2326 DEFAULT CHARSET=utf8mb4 COLLATE=utf8mb4_0900_ai_ci;
/*!40101 SET character_set_client = @saved_cs_client */;

--
-- Dumping data for table `bilet`
--

LOCK TABLES `bilet` WRITE;
/*!40000 ALTER TABLE `bilet` DISABLE KEYS */;
INSERT INTO `bilet` VALUES (1,1,1,20,1,1),(2,1,1,20,2,1),(3,1,1,20,3,1),(4,1,1,20,4,2),(5,1,1,20,5,1),(6,1,1,20,6,1),(7,1,1,20,7,1),(8,1,1,20,8,3),(9,1,1,20,9,3),(10,1,1,20,10,2),(11,1,1,20,11,3),(12,1,1,20,12,3),(13,1,1,20,13,3),(14,1,1,20,14,1),(15,1,1,20,15,3),(16,1,1,20,16,1),(17,1,1,20,17,1),(18,1,1,20,18,1),(19,1,1,20,19,1),(20,1,1,20,20,1),(21,1,1,20,21,1),(22,1,1,20,22,1),(23,1,1,20,23,1),(24,1,1,20,24,1),(25,1,1,20,25,2),(26,1,1,20,26,3),(27,1,1,20,27,1),(28,1,1,20,28,1),(29,1,1,20,29,1),(30,1,1,20,30,1),(31,1,1,20,31,1),(32,1,1,20,32,1),(33,1,1,20,33,1),(34,1,1,20,34,1),(35,1,1,20,35,1),(36,1,1,20,36,1),(37,1,1,20,37,1),(38,1,1,20,38,1),(39,1,1,20,39,1),(40,1,1,20,40,1),(41,1,1,20,41,1),(42,1,1,20,42,3),(43,1,1,20,43,1),(44,1,1,20,44,1),(45,1,1,20,45,1),(46,1,1,20,46,1),(47,1,1,20,47,1),(48,1,1,20,48,1),(49,1,1,20,49,1),(50,1,1,20,50,1),(51,1,1,20,51,1),(52,1,1,20,52,1),(53,1,1,20,53,1),(54,1,1,20,54,1),(55,1,1,20,55,1),(56,1,1,20,56,1),(57,1,1,20,57,1),(58,1,1,20,58,1),(59,1,1,20,59,1),(60,1,1,20,60,1),(61,1,1,20,61,1),(62,1,1,20,62,1),(63,1,1,20,63,1),(64,1,1,20,64,1),(65,1,1,20,65,1),(66,1,1,20,66,1),(67,1,1,20,67,1),(68,1,1,20,68,1),(69,1,1,20,69,1),(70,1,1,20,70,1),(71,1,1,20,71,1),(72,1,1,20,72,1),(73,1,1,20,73,1),(74,1,1,20,74,1),(75,1,1,20,75,1),(76,1,1,20,76,1),(77,1,1,20,77,1),(78,1,1,20,78,1),(79,1,1,20,79,1),(80,1,1,20,80,1),(81,1,1,20,81,2),(82,1,1,20,82,1),(83,1,1,20,83,1),(84,1,1,20,84,1),(85,1,1,20,85,1),(86,1,1,20,86,1),(87,1,1,20,87,1),(88,1,1,20,88,1),(89,1,1,20,89,3),(90,1,1,20,90,1),(91,1,1,20,91,1),(92,1,1,20,92,1),(93,1,1,20,93,1),(94,1,1,20,94,1),(95,1,1,20,95,1),(96,1,1,20,96,1),(97,1,1,20,97,1),(98,1,1,20,98,1),(99,1,1,20,99,1),(100,1,1,20,100,1),(101,1,1,20,101,1),(102,1,1,20,102,1),(103,1,1,20,103,1),(104,1,1,20,104,1),(105,1,1,20,105,1),(106,1,1,20,106,1),(107,1,1,20,107,1),(108,1,1,20,108,1),(109,1,1,20,109,1),(110,1,1,20,110,1),(111,1,1,20,111,1),(112,1,1,20,112,1),(113,1,1,20,113,1),(114,1,1,20,114,1),(115,1,1,20,115,1),(116,1,1,20,116,1),(117,1,1,20,117,1),(118,1,1,20,118,1),(119,1,1,20,119,1),(120,1,1,20,120,1),(121,1,1,20,121,1),(122,1,1,20,122,1),(123,1,1,20,123,1),(124,1,1,20,124,1),(125,1,1,20,125,1),(126,1,1,20,126,1),(127,1,1,20,127,1),(128,1,1,20,128,1),(129,1,1,20,129,1),(130,1,1,20,130,1),(131,1,1,20,131,1),(132,1,1,20,132,2),(133,1,1,20,133,1),(134,1,1,20,134,1),(135,1,1,20,135,1),(136,1,1,20,136,1),(137,1,1,20,137,1),(138,1,1,20,138,3),(139,1,1,20,139,1),(140,1,1,20,140,1),(141,1,1,20,141,1),(142,1,1,20,142,1),(143,1,1,20,143,1),(144,1,1,20,144,1),(145,1,1,20,145,1),(146,1,1,20,146,1),(147,1,1,20,147,1),(148,1,1,20,148,1),(149,1,1,20,149,1),(150,1,1,20,150,1),(301,3,1,20,151,1),(302,3,1,20,152,1),(303,3,1,20,153,1),(304,3,1,20,154,1),(305,3,1,20,155,1),(306,3,1,20,156,1),(307,3,1,20,157,1),(308,3,1,20,158,1),(309,3,1,20,159,1),(310,3,1,20,160,3),(311,3,1,20,161,1),(312,3,1,20,162,1),(313,3,1,20,163,1),(314,3,1,20,164,1),(315,3,1,20,165,3),(316,3,1,20,166,1),(317,3,1,20,167,1),(318,3,1,20,168,1),(319,3,1,20,169,1),(320,3,1,20,170,1),(321,3,1,20,171,1),(322,3,1,20,172,1),(323,3,1,20,173,1),(324,3,1,20,174,1),(325,3,1,20,175,1),(326,3,1,20,176,1),(327,3,1,20,177,1),(328,3,1,20,178,1),(329,3,1,20,179,1),(330,3,1,20,180,1),(331,3,1,20,181,1),(332,3,1,20,182,1),(333,3,1,20,183,1),(334,3,1,20,184,1),(335,3,1,20,185,1),(336,3,1,20,186,1),(337,3,1,20,187,1),(338,3,1,20,188,1),(339,3,1,20,189,1),(340,3,1,20,190,3),(341,3,1,20,191,1),(342,3,1,20,192,1),(343,3,1,20,193,1),(344,3,1,20,194,1),(345,3,1,20,195,1),(346,3,1,20,196,1),(347,3,1,20,197,1),(348,3,1,20,198,1),(349,3,1,20,199,1),(350,3,1,20,200,1),(351,3,1,20,201,1),(352,3,1,20,202,1),(353,3,1,20,203,1),(354,3,1,20,204,1),(355,3,1,20,205,1),(356,3,1,20,206,1),(357,3,1,20,207,1),(358,3,1,20,208,1),(359,3,1,20,209,1),(360,3,1,20,210,1),(361,3,1,20,211,1),(362,3,1,20,212,1),(363,3,1,20,213,1),(364,3,1,20,214,1),(365,3,1,20,215,1),(366,3,1,20,216,1),(367,3,1,20,217,1),(368,3,1,20,218,1),(369,3,1,20,219,1),(370,3,1,20,220,1),(371,3,1,20,221,1),(372,3,1,20,222,1),(373,3,1,20,223,3),(374,3,1,20,224,1),(375,3,1,20,225,1),(376,3,1,20,226,1),(377,3,1,20,227,1),(378,3,1,20,228,1),(379,3,1,20,229,1),(380,3,1,20,230,1),(381,3,1,20,231,1),(382,3,1,20,232,1),(383,3,1,20,233,1),(384,3,1,20,234,1),(385,3,1,20,235,1),(386,3,1,20,236,1),(387,3,1,20,237,1),(388,3,1,20,238,1),(389,3,1,20,239,1),(390,3,1,20,240,1),(391,3,1,20,241,1),(392,3,1,20,242,1),(393,3,1,20,243,1),(394,3,1,20,244,1),(395,3,1,20,245,1),(396,3,1,20,246,1),(397,3,1,20,247,1),(398,3,1,20,248,1),(399,3,1,20,249,1),(400,3,1,20,250,1),(401,3,1,20,251,1),(402,3,1,20,252,1),(403,3,1,20,253,1),(404,3,1,20,254,1),(405,3,1,20,255,1),(406,3,1,20,256,1),(407,3,1,20,257,1),(408,3,1,20,258,1),(409,3,1,20,259,1),(410,3,1,20,260,1),(411,3,1,20,261,1),(412,3,1,20,262,1),(413,3,1,20,263,1),(414,3,1,20,264,1),(415,3,1,20,265,1),(416,3,1,20,266,1),(417,3,1,20,267,1),(418,3,1,20,268,1),(419,3,1,20,269,1),(420,3,1,20,270,1),(421,3,1,20,271,1),(422,3,1,20,272,1),(423,3,1,20,273,1),(424,3,1,20,274,1),(425,3,1,20,275,1),(426,3,1,20,276,1),(427,3,1,20,277,1),(428,3,1,20,278,1),(429,3,1,20,279,1),(430,3,1,20,280,1),(431,3,1,20,281,1),(432,3,1,20,282,1),(433,3,1,20,283,1),(434,3,1,20,284,1),(435,3,1,20,285,1),(436,3,1,20,286,1),(437,3,1,20,287,1),(438,3,1,20,288,1),(439,3,1,20,289,1),(440,3,1,20,290,1),(441,3,1,20,291,1),(442,3,1,20,292,1),(443,3,1,20,293,1),(444,3,1,20,294,1),(445,3,1,20,295,1),(446,3,1,20,296,1),(447,3,1,20,297,1),(448,3,1,20,298,1),(449,3,1,20,299,1),(450,3,1,20,300,1),(451,4,1,20,151,1),(452,4,1,20,152,1),(453,4,1,20,153,1),(454,4,1,20,154,1),(455,4,1,20,155,1),(456,4,1,20,156,1),(457,4,1,20,157,1),(458,4,1,20,158,1),(459,4,1,20,159,1),(460,4,1,20,160,1),(461,4,1,20,161,1),(462,4,1,20,162,1),(463,4,1,20,163,1),(464,4,1,20,164,3),(465,4,1,20,165,1),(466,4,1,20,166,1),(467,4,1,20,167,1),(468,4,1,20,168,1),(469,4,1,20,169,1),(470,4,1,20,170,1),(471,4,1,20,171,1),(472,4,1,20,172,1),(473,4,1,20,173,1),(474,4,1,20,174,1),(475,4,1,20,175,1),(476,4,1,20,176,1),(477,4,1,20,177,1),(478,4,1,20,178,1),(479,4,1,20,179,1),(480,4,1,20,180,1),(481,4,1,20,181,1),(482,4,1,20,182,1),(483,4,1,20,183,1),(484,4,1,20,184,1),(485,4,1,20,185,1),(486,4,1,20,186,1),(487,4,1,20,187,1),(488,4,1,20,188,1),(489,4,1,20,189,1),(490,4,1,20,190,1),(491,4,1,20,191,1),(492,4,1,20,192,1),(493,4,1,20,193,1),(494,4,1,20,194,1),(495,4,1,20,195,1),(496,4,1,20,196,1),(497,4,1,20,197,1),(498,4,1,20,198,1),(499,4,1,20,199,1),(500,4,1,20,200,1),(501,4,1,20,201,1),(502,4,1,20,202,1),(503,4,1,20,203,1),(504,4,1,20,204,1),(505,4,1,20,205,1),(506,4,1,20,206,1),(507,4,1,20,207,1),(508,4,1,20,208,1),(509,4,1,20,209,1),(510,4,1,20,210,1),(511,4,1,20,211,1),(512,4,1,20,212,1),(513,4,1,20,213,1),(514,4,1,20,214,1),(515,4,1,20,215,1),(516,4,1,20,216,1),(517,4,1,20,217,1),(518,4,1,20,218,1),(519,4,1,20,219,1),(520,4,1,20,220,1),(521,4,1,20,221,1),(522,4,1,20,222,1),(523,4,1,20,223,1),(524,4,1,20,224,1),(525,4,1,20,225,1),(526,4,1,20,226,1),(527,4,1,20,227,1),(528,4,1,20,228,1),(529,4,1,20,229,1),(530,4,1,20,230,1),(531,4,1,20,231,1),(532,4,1,20,232,1),(533,4,1,20,233,1),(534,4,1,20,234,1),(535,4,1,20,235,1),(536,4,1,20,236,1),(537,4,1,20,237,1),(538,4,1,20,238,1),(539,4,1,20,239,1),(540,4,1,20,240,1),(541,4,1,20,241,1),(542,4,1,20,242,1),(543,4,1,20,243,1),(544,4,1,20,244,1),(545,4,1,20,245,1),(546,4,1,20,246,1),(547,4,1,20,247,1),(548,4,1,20,248,1),(549,4,1,20,249,1),(550,4,1,20,250,1),(551,4,1,20,251,1),(552,4,1,20,252,1),(553,4,1,20,253,1),(554,4,1,20,254,1),(555,4,1,20,255,1),(556,4,1,20,256,1),(557,4,1,20,257,1),(558,4,1,20,258,1),(559,4,1,20,259,1),(560,4,1,20,260,1),(561,4,1,20,261,1),(562,4,1,20,262,1),(563,4,1,20,263,1),(564,4,1,20,264,1),(565,4,1,20,265,1),(566,4,1,20,266,1),(567,4,1,20,267,1),(568,4,1,20,268,1),(569,4,1,20,269,1),(570,4,1,20,270,1),(571,4,1,20,271,1),(572,4,1,20,272,1),(573,4,1,20,273,1),(574,4,1,20,274,1),(575,4,1,20,275,1),(576,4,1,20,276,1),(577,4,1,20,277,1),(578,4,1,20,278,1),(579,4,1,20,279,1),(580,4,1,20,280,1),(581,4,1,20,281,1),(582,4,1,20,282,1),(583,4,1,20,283,1),(584,4,1,20,284,1),(585,4,1,20,285,1),(586,4,1,20,286,1),(587,4,1,20,287,1),(588,4,1,20,288,1),(589,4,1,20,289,1),(590,4,1,20,290,1),(591,4,1,20,291,1),(592,4,1,20,292,1),(593,4,1,20,293,1),(594,4,1,20,294,1),(595,4,1,20,295,1),(596,4,1,20,296,1),(597,4,1,20,297,1),(598,4,1,20,298,1),(599,4,1,20,299,1),(600,4,1,20,300,1),(601,5,4,20,301,1),(602,5,4,20,302,1),(603,5,4,20,303,1),(604,5,4,20,304,1),(605,5,4,20,305,3),(606,5,4,20,306,1),(607,5,4,20,307,1),(608,5,4,20,308,1),(609,5,4,20,309,1),(610,5,4,20,310,3),(611,5,4,20,311,1),(612,5,4,20,312,1),(613,5,4,20,313,1),(614,5,4,20,314,1),(615,5,4,20,315,1),(616,5,4,20,316,1),(617,5,4,20,317,1),(618,5,4,20,318,1),(619,5,4,20,319,1),(620,5,4,20,320,1),(621,5,4,20,321,1),(622,5,4,20,322,1),(623,5,4,20,323,1),(624,5,4,20,324,1),(625,5,4,20,325,1),(626,5,4,20,326,1),(627,5,4,20,327,1),(628,5,4,20,328,1),(629,5,4,20,329,1),(630,5,4,20,330,1),(631,5,4,20,331,1),(632,5,4,20,332,1),(633,5,4,20,333,1),(634,5,4,20,334,1),(635,5,4,20,335,1),(636,5,4,20,336,1),(637,5,4,20,337,1),(638,5,4,20,338,1),(639,5,4,20,339,1),(640,5,4,20,340,1),(641,5,4,20,341,1),(642,5,4,20,342,1),(643,5,4,20,343,1),(644,5,4,20,344,1),(645,5,4,20,345,1),(646,5,4,20,346,1),(647,5,4,20,347,1),(648,5,4,20,348,1),(649,5,4,20,349,1),(650,5,4,20,350,1),(651,5,4,20,351,1),(652,5,4,20,352,1),(653,5,4,20,353,1),(654,5,4,20,354,1),(655,5,4,20,355,1),(656,5,4,20,356,1),(657,5,4,20,357,1),(658,5,4,20,358,1),(659,5,4,20,359,1),(660,5,4,20,360,1),(661,5,4,20,361,1),(662,5,4,20,362,1),(663,5,4,20,363,1),(664,5,4,20,364,1),(665,5,4,20,365,1),(666,5,4,20,366,1),(667,5,4,20,367,1),(668,5,4,20,368,1),(669,5,4,20,369,1),(670,5,4,20,370,1),(671,5,4,20,371,1),(672,5,4,20,372,1),(673,5,4,20,373,1),(674,5,4,20,374,1),(675,5,4,20,375,1),(676,5,4,20,376,1),(677,5,4,20,377,1),(678,5,4,20,378,3),(679,5,4,20,379,1),(680,5,4,20,380,1),(681,5,4,20,381,1),(682,5,4,20,382,1),(683,5,4,20,383,1),(684,5,4,20,384,1),(685,5,4,20,385,1),(686,5,4,20,386,1),(687,5,4,20,387,1),(688,5,4,20,388,1),(689,5,4,20,389,1),(690,5,4,20,390,1),(691,5,4,20,391,1),(692,5,4,20,392,1),(693,5,4,20,393,1),(694,5,4,20,394,1),(695,5,4,20,395,1),(696,5,4,20,396,1),(697,5,4,20,397,1),(698,5,4,20,398,1),(699,5,4,20,399,1),(700,5,4,20,400,1),(701,5,4,20,401,1),(702,5,4,20,402,1),(703,5,4,20,403,1),(704,5,4,20,404,1),(705,5,4,20,405,1),(706,5,4,20,406,1),(707,5,4,20,407,1),(708,5,4,20,408,1),(709,5,4,20,409,1),(710,5,4,20,410,1),(711,5,4,20,411,1),(712,5,4,20,412,1),(713,5,4,20,413,1),(714,5,4,20,414,1),(715,5,4,20,415,1),(716,5,4,20,416,1),(717,5,4,20,417,1),(718,5,4,20,418,1),(719,5,4,20,419,1),(720,5,4,20,420,1),(721,5,4,20,421,1),(722,5,4,20,422,1),(723,5,4,20,423,1),(724,5,4,20,424,1),(725,5,4,20,425,1),(726,5,4,20,426,1),(727,5,4,20,427,1),(728,5,4,20,428,1),(729,5,4,20,429,1),(730,5,4,20,430,1),(731,5,4,20,431,1),(732,5,4,20,432,1),(733,5,4,20,433,1),(734,5,4,20,434,1),(735,5,4,20,435,1),(736,5,4,20,436,1),(737,5,4,20,437,1),(738,5,4,20,438,1),(739,5,4,20,439,1),(740,5,4,20,440,1),(741,5,4,20,441,1),(742,5,4,20,442,1),(743,5,4,20,443,1),(744,5,4,20,444,1),(745,5,4,20,445,3),(746,5,4,20,446,1),(747,5,4,20,447,1),(748,5,4,20,448,1),(749,5,4,20,449,1),(750,5,4,20,450,1),(751,5,4,20,451,1),(752,5,4,20,452,1),(753,5,4,20,453,1),(754,5,4,20,454,1),(755,5,4,20,455,1),(756,5,4,20,456,1),(757,5,4,20,457,1),(758,5,4,20,458,1),(759,5,4,20,459,1),(760,5,4,20,460,1),(761,5,4,20,461,1),(762,5,4,20,462,1),(763,5,4,20,463,1),(764,5,4,20,464,1),(765,5,4,20,465,1),(766,5,4,20,466,1),(767,5,4,20,467,1),(768,5,4,20,468,1),(769,5,4,20,469,1),(770,5,4,20,470,1),(771,5,4,20,471,1),(772,5,4,20,472,1),(773,5,4,20,473,1),(774,5,4,20,474,1),(775,5,4,20,475,1),(776,5,4,20,476,1),(777,5,4,20,477,1),(778,5,4,20,478,1),(779,5,4,20,479,1),(780,5,4,20,480,1),(781,5,4,20,481,1),(782,5,4,20,482,1),(783,5,4,20,483,1),(784,5,4,20,484,1),(785,5,4,20,485,1),(786,5,4,20,486,1),(787,5,4,20,487,1),(788,5,4,20,488,1),(789,5,4,20,489,1),(790,5,4,20,490,1),(791,5,4,20,491,1),(792,5,4,20,492,1),(793,5,4,20,493,1),(794,5,4,20,494,1),(795,5,4,20,495,1),(796,5,4,20,496,1),(797,5,4,20,497,1),(798,5,4,20,498,1),(799,5,4,20,499,1),(800,5,4,20,500,1),(801,5,4,20,501,1),(802,5,4,20,502,1),(803,5,4,20,503,1),(804,5,4,20,504,1),(805,5,4,20,505,1),(806,5,4,20,506,1),(807,5,4,20,507,1),(808,5,4,20,508,1),(809,5,4,20,509,1),(810,5,4,20,510,1),(811,5,4,20,511,1),(812,5,4,20,512,1),(813,5,4,20,513,1),(814,5,4,20,514,1),(815,5,4,20,515,1),(816,5,4,20,516,1),(817,5,4,20,517,1),(818,5,4,20,518,1),(819,5,4,20,519,1),(820,5,4,20,520,1),(821,5,4,20,521,1),(822,5,4,20,522,1),(823,5,4,20,523,1),(824,5,4,20,524,1),(825,5,4,20,525,1),(826,6,1,20,1,1),(827,6,1,20,2,1),(828,6,1,20,3,1),(829,6,1,20,4,1),(830,6,1,20,5,1),(831,6,1,20,6,1),(832,6,1,20,7,1),(833,6,1,20,8,1),(834,6,1,20,9,1),(835,6,1,20,10,1),(836,6,1,20,11,1),(837,6,1,20,12,1),(838,6,1,20,13,1),(839,6,1,20,14,1),(840,6,1,20,15,1),(841,6,1,20,16,1),(842,6,1,20,17,1),(843,6,1,20,18,1),(844,6,1,20,19,1),(845,6,1,20,20,1),(846,6,1,20,21,1),(847,6,1,20,22,1),(848,6,1,20,23,1),(849,6,1,20,24,1),(850,6,1,20,25,1),(851,6,1,20,26,1),(852,6,1,20,27,1),(853,6,1,20,28,1),(854,6,1,20,29,1),(855,6,1,20,30,1),(856,6,1,20,31,1),(857,6,1,20,32,1),(858,6,1,20,33,1),(859,6,1,20,34,1),(860,6,1,20,35,1),(861,6,1,20,36,1),(862,6,1,20,37,1),(863,6,1,20,38,1),(864,6,1,20,39,1),(865,6,1,20,40,1),(866,6,1,20,41,1),(867,6,1,20,42,1),(868,6,1,20,43,1),(869,6,1,20,44,1),(870,6,1,20,45,1),(871,6,1,20,46,1),(872,6,1,20,47,1),(873,6,1,20,48,1),(874,6,1,20,49,1),(875,6,1,20,50,1),(876,6,1,20,51,1),(877,6,1,20,52,1),(878,6,1,20,53,1),(879,6,1,20,54,1),(880,6,1,20,55,1),(881,6,1,20,56,1),(882,6,1,20,57,1),(883,6,1,20,58,1),(884,6,1,20,59,1),(885,6,1,20,60,1),(886,6,1,20,61,1),(887,6,1,20,62,1),(888,6,1,20,63,1),(889,6,1,20,64,1),(890,6,1,20,65,1),(891,6,1,20,66,1),(892,6,1,20,67,1),(893,6,1,20,68,1),(894,6,1,20,69,1),(895,6,1,20,70,1),(896,6,1,20,71,1),(897,6,1,20,72,1),(898,6,1,20,73,1),(899,6,1,20,74,1),(900,6,1,20,75,1),(901,6,1,20,76,1),(902,6,1,20,77,1),(903,6,1,20,78,1),(904,6,1,20,79,1),(905,6,1,20,80,1),(906,6,1,20,81,1),(907,6,1,20,82,1),(908,6,1,20,83,1),(909,6,1,20,84,1),(910,6,1,20,85,1),(911,6,1,20,86,1),(912,6,1,20,87,1),(913,6,1,20,88,1),(914,6,1,20,89,1),(915,6,1,20,90,1),(916,6,1,20,91,1),(917,6,1,20,92,1),(918,6,1,20,93,1),(919,6,1,20,94,1),(920,6,1,20,95,1),(921,6,1,20,96,1),(922,6,1,20,97,1),(923,6,1,20,98,1),(924,6,1,20,99,1),(925,6,1,20,100,1),(926,6,1,20,101,1),(927,6,1,20,102,1),(928,6,1,20,103,1),(929,6,1,20,104,1),(930,6,1,20,105,1),(931,6,1,20,106,1),(932,6,1,20,107,1),(933,6,1,20,108,1),(934,6,1,20,109,1),(935,6,1,20,110,1),(936,6,1,20,111,1),(937,6,1,20,112,1),(938,6,1,20,113,1),(939,6,1,20,114,1),(940,6,1,20,115,1),(941,6,1,20,116,1),(942,6,1,20,117,1),(943,6,1,20,118,1),(944,6,1,20,119,1),(945,6,1,20,120,1),(946,6,1,20,121,1),(947,6,1,20,122,1),(948,6,1,20,123,1),(949,6,1,20,124,1),(950,6,1,20,125,1),(951,6,1,20,126,1),(952,6,1,20,127,1),(953,6,1,20,128,1),(954,6,1,20,129,1),(955,6,1,20,130,1),(956,6,1,20,131,1),(957,6,1,20,132,1),(958,6,1,20,133,1),(959,6,1,20,134,1),(960,6,1,20,135,1),(961,6,1,20,136,1),(962,6,1,20,137,1),(963,6,1,20,138,1),(964,6,1,20,139,1),(965,6,1,20,140,1),(966,6,1,20,141,1),(967,6,1,20,142,1),(968,6,1,20,143,1),(969,6,1,20,144,1),(970,6,1,20,145,1),(971,6,1,20,146,1),(972,6,1,20,147,1),(973,6,1,20,148,1),(974,6,1,20,149,1),(975,6,1,20,150,1),(976,7,1,20,1,1),(977,7,1,20,2,1),(978,7,1,20,3,1),(979,7,1,20,4,1),(980,7,1,20,5,1),(981,7,1,20,6,1),(982,7,1,20,7,1),(983,7,1,20,8,1),(984,7,1,20,9,1),(985,7,1,20,10,1),(986,7,1,20,11,1),(987,7,1,20,12,1),(988,7,1,20,13,1),(989,7,1,20,14,1),(990,7,1,20,15,1),(991,7,1,20,16,1),(992,7,1,20,17,1),(993,7,1,20,18,1),(994,7,1,20,19,1),(995,7,1,20,20,1),(996,7,1,20,21,1),(997,7,1,20,22,1),(998,7,1,20,23,1),(999,7,1,20,24,1),(1000,7,1,20,25,1),(1001,7,1,20,26,1),(1002,7,1,20,27,1),(1003,7,1,20,28,1),(1004,7,1,20,29,1),(1005,7,1,20,30,1),(1006,7,1,20,31,1),(1007,7,1,20,32,1),(1008,7,1,20,33,1),(1009,7,1,20,34,1),(1010,7,1,20,35,1),(1011,7,1,20,36,1),(1012,7,1,20,37,1),(1013,7,1,20,38,1),(1014,7,1,20,39,1),(1015,7,1,20,40,1),(1016,7,1,20,41,1),(1017,7,1,20,42,1),(1018,7,1,20,43,1),(1019,7,1,20,44,1),(1020,7,1,20,45,1),(1021,7,1,20,46,1),(1022,7,1,20,47,1),(1023,7,1,20,48,1),(1024,7,1,20,49,1),(1025,7,1,20,50,1),(1026,7,1,20,51,1),(1027,7,1,20,52,1),(1028,7,1,20,53,1),(1029,7,1,20,54,1),(1030,7,1,20,55,1),(1031,7,1,20,56,1),(1032,7,1,20,57,1),(1033,7,1,20,58,1),(1034,7,1,20,59,1),(1035,7,1,20,60,1),(1036,7,1,20,61,1),(1037,7,1,20,62,1),(1038,7,1,20,63,1),(1039,7,1,20,64,1),(1040,7,1,20,65,1),(1041,7,1,20,66,1),(1042,7,1,20,67,1),(1043,7,1,20,68,1),(1044,7,1,20,69,1),(1045,7,1,20,70,1),(1046,7,1,20,71,1),(1047,7,1,20,72,1),(1048,7,1,20,73,1),(1049,7,1,20,74,1),(1050,7,1,20,75,1),(1051,7,1,20,76,1),(1052,7,1,20,77,1),(1053,7,1,20,78,1),(1054,7,1,20,79,1),(1055,7,1,20,80,1),(1056,7,1,20,81,1),(1057,7,1,20,82,1),(1058,7,1,20,83,1),(1059,7,1,20,84,1),(1060,7,1,20,85,1),(1061,7,1,20,86,1),(1062,7,1,20,87,1),(1063,7,1,20,88,1),(1064,7,1,20,89,1),(1065,7,1,20,90,1),(1066,7,1,20,91,1),(1067,7,1,20,92,1),(1068,7,1,20,93,1),(1069,7,1,20,94,1),(1070,7,1,20,95,1),(1071,7,1,20,96,1),(1072,7,1,20,97,1),(1073,7,1,20,98,1),(1074,7,1,20,99,1),(1075,7,1,20,100,1),(1076,7,1,20,101,1),(1077,7,1,20,102,1),(1078,7,1,20,103,1),(1079,7,1,20,104,1),(1080,7,1,20,105,1),(1081,7,1,20,106,1),(1082,7,1,20,107,1),(1083,7,1,20,108,1),(1084,7,1,20,109,1),(1085,7,1,20,110,1),(1086,7,1,20,111,1),(1087,7,1,20,112,1),(1088,7,1,20,113,1),(1089,7,1,20,114,1),(1090,7,1,20,115,1),(1091,7,1,20,116,1),(1092,7,1,20,117,1),(1093,7,1,20,118,1),(1094,7,1,20,119,1),(1095,7,1,20,120,1),(1096,7,1,20,121,1),(1097,7,1,20,122,1),(1098,7,1,20,123,1),(1099,7,1,20,124,1),(1100,7,1,20,125,1),(1101,7,1,20,126,1),(1102,7,1,20,127,1),(1103,7,1,20,128,1),(1104,7,1,20,129,1),(1105,7,1,20,130,1),(1106,7,1,20,131,1),(1107,7,1,20,132,1),(1108,7,1,20,133,1),(1109,7,1,20,134,1),(1110,7,1,20,135,1),(1111,7,1,20,136,1),(1112,7,1,20,137,1),(1113,7,1,20,138,1),(1114,7,1,20,139,1),(1115,7,1,20,140,1),(1116,7,1,20,141,1),(1117,7,1,20,142,1),(1118,7,1,20,143,1),(1119,7,1,20,144,1),(1120,7,1,20,145,1),(1121,7,1,20,146,1),(1122,7,1,20,147,1),(1123,7,1,20,148,1),(1124,7,1,20,149,1),(1125,7,1,20,150,1),(1126,8,5,20,151,1),(1127,8,5,20,152,1),(1128,8,5,20,153,1),(1129,8,5,20,154,1),(1130,8,5,20,155,1),(1131,8,5,20,156,1),(1132,8,5,20,157,1),(1133,8,5,20,158,1),(1134,8,5,20,159,1),(1135,8,5,20,160,1),(1136,8,5,20,161,1),(1137,8,5,20,162,1),(1138,8,5,20,163,1),(1139,8,5,20,164,1),(1140,8,5,20,165,1),(1141,8,5,20,166,1),(1142,8,5,20,167,1),(1143,8,5,20,168,1),(1144,8,5,20,169,1),(1145,8,5,20,170,1),(1146,8,5,20,171,1),(1147,8,5,20,172,1),(1148,8,5,20,173,1),(1149,8,5,20,174,1),(1150,8,5,20,175,1),(1151,8,5,20,176,1),(1152,8,5,20,177,1),(1153,8,5,20,178,1),(1154,8,5,20,179,1),(1155,8,5,20,180,1),(1156,8,5,20,181,1),(1157,8,5,20,182,1),(1158,8,5,20,183,1),(1159,8,5,20,184,1),(1160,8,5,20,185,1),(1161,8,5,20,186,1),(1162,8,5,20,187,1),(1163,8,5,20,188,1),(1164,8,5,20,189,1),(1165,8,5,20,190,1),(1166,8,5,20,191,1),(1167,8,5,20,192,1),(1168,8,5,20,193,1),(1169,8,5,20,194,1),(1170,8,5,20,195,1),(1171,8,5,20,196,1),(1172,8,5,20,197,1),(1173,8,5,20,198,1),(1174,8,5,20,199,1),(1175,8,5,20,200,1),(1176,8,5,20,201,1),(1177,8,5,20,202,1),(1178,8,5,20,203,1),(1179,8,5,20,204,1),(1180,8,5,20,205,1),(1181,8,5,20,206,1),(1182,8,5,20,207,1),(1183,8,5,20,208,1),(1184,8,5,20,209,1),(1185,8,5,20,210,1),(1186,8,5,20,211,1),(1187,8,5,20,212,1),(1188,8,5,20,213,1),(1189,8,5,20,214,1),(1190,8,5,20,215,1),(1191,8,5,20,216,1),(1192,8,5,20,217,1),(1193,8,5,20,218,1),(1194,8,5,20,219,1),(1195,8,5,20,220,1),(1196,8,5,20,221,1),(1197,8,5,20,222,1),(1198,8,5,20,223,1),(1199,8,5,20,224,1),(1200,8,5,20,225,1),(1201,8,5,20,226,1),(1202,8,5,20,227,1),(1203,8,5,20,228,1),(1204,8,5,20,229,1),(1205,8,5,20,230,1),(1206,8,5,20,231,1),(1207,8,5,20,232,1),(1208,8,5,20,233,1),(1209,8,5,20,234,1),(1210,8,5,20,235,1),(1211,8,5,20,236,1),(1212,8,5,20,237,1),(1213,8,5,20,238,1),(1214,8,5,20,239,1),(1215,8,5,20,240,1),(1216,8,5,20,241,1),(1217,8,5,20,242,1),(1218,8,5,20,243,1),(1219,8,5,20,244,1),(1220,8,5,20,245,1),(1221,8,5,20,246,1),(1222,8,5,20,247,1),(1223,8,5,20,248,1),(1224,8,5,20,249,1),(1225,8,5,20,250,1),(1226,8,5,20,251,1),(1227,8,5,20,252,1),(1228,8,5,20,253,1),(1229,8,5,20,254,1),(1230,8,5,20,255,1),(1231,8,5,20,256,1),(1232,8,5,20,257,1),(1233,8,5,20,258,1),(1234,8,5,20,259,1),(1235,8,5,20,260,1),(1236,8,5,20,261,1),(1237,8,5,20,262,1),(1238,8,5,20,263,1),(1239,8,5,20,264,1),(1240,8,5,20,265,1),(1241,8,5,20,266,1),(1242,8,5,20,267,1),(1243,8,5,20,268,1),(1244,8,5,20,269,1),(1245,8,5,20,270,1),(1246,8,5,20,271,1),(1247,8,5,20,272,1),(1248,8,5,20,273,1),(1249,8,5,20,274,1),(1250,8,5,20,275,1),(1251,8,5,20,276,1),(1252,8,5,20,277,1),(1253,8,5,20,278,1),(1254,8,5,20,279,1),(1255,8,5,20,280,1),(1256,8,5,20,281,1),(1257,8,5,20,282,1),(1258,8,5,20,283,1),(1259,8,5,20,284,1),(1260,8,5,20,285,1),(1261,8,5,20,286,1),(1262,8,5,20,287,1),(1263,8,5,20,288,1),(1264,8,5,20,289,1),(1265,8,5,20,290,1),(1266,8,5,20,291,1),(1267,8,5,20,292,1),(1268,8,5,20,293,1),(1269,8,5,20,294,1),(1270,8,5,20,295,1),(1271,8,5,20,296,1),(1272,8,5,20,297,1),(1273,8,5,20,298,1),(1274,8,5,20,299,1),(1275,8,5,20,300,1),(1726,12,1,20,1,1),(1727,12,1,20,2,1),(1728,12,1,20,3,1),(1729,12,1,20,4,1),(1730,12,1,20,5,1),(1731,12,1,20,6,1),(1732,12,1,20,7,1),(1733,12,1,20,8,1),(1734,12,1,20,9,1),(1735,12,1,20,10,1),(1736,12,1,20,11,1),(1737,12,1,20,12,1),(1738,12,1,20,13,1),(1739,12,1,20,14,1),(1740,12,1,20,15,1),(1741,12,1,20,16,1),(1742,12,1,20,17,1),(1743,12,1,20,18,1),(1744,12,1,20,19,1),(1745,12,1,20,20,1),(1746,12,1,20,21,1),(1747,12,1,20,22,1),(1748,12,1,20,23,1),(1749,12,1,20,24,1),(1750,12,1,20,25,1),(1751,12,1,20,26,1),(1752,12,1,20,27,1),(1753,12,1,20,28,1),(1754,12,1,20,29,1),(1755,12,1,20,30,1),(1756,12,1,20,31,1),(1757,12,1,20,32,1),(1758,12,1,20,33,1),(1759,12,1,20,34,1),(1760,12,1,20,35,1),(1761,12,1,20,36,1),(1762,12,1,20,37,1),(1763,12,1,20,38,1),(1764,12,1,20,39,1),(1765,12,1,20,40,1),(1766,12,1,20,41,1),(1767,12,1,20,42,1),(1768,12,1,20,43,1),(1769,12,1,20,44,1),(1770,12,1,20,45,1),(1771,12,1,20,46,1),(1772,12,1,20,47,1),(1773,12,1,20,48,1),(1774,12,1,20,49,1),(1775,12,1,20,50,1),(1776,12,1,20,51,1),(1777,12,1,20,52,1),(1778,12,1,20,53,1),(1779,12,1,20,54,1),(1780,12,1,20,55,1),(1781,12,1,20,56,1),(1782,12,1,20,57,1),(1783,12,1,20,58,1),(1784,12,1,20,59,1),(1785,12,1,20,60,1),(1786,12,1,20,61,1),(1787,12,1,20,62,1),(1788,12,1,20,63,1),(1789,12,1,20,64,1),(1790,12,1,20,65,1),(1791,12,1,20,66,1),(1792,12,1,20,67,1),(1793,12,1,20,68,1),(1794,12,1,20,69,1),(1795,12,1,20,70,1),(1796,12,1,20,71,1),(1797,12,1,20,72,1),(1798,12,1,20,73,1),(1799,12,1,20,74,1),(1800,12,1,20,75,1),(1801,12,1,20,76,1),(1802,12,1,20,77,1),(1803,12,1,20,78,1),(1804,12,1,20,79,1),(1805,12,1,20,80,1),(1806,12,1,20,81,1),(1807,12,1,20,82,1),(1808,12,1,20,83,1),(1809,12,1,20,84,1),(1810,12,1,20,85,1),(1811,12,1,20,86,1),(1812,12,1,20,87,1),(1813,12,1,20,88,1),(1814,12,1,20,89,1),(1815,12,1,20,90,1),(1816,12,1,20,91,1),(1817,12,1,20,92,1),(1818,12,1,20,93,1),(1819,12,1,20,94,1),(1820,12,1,20,95,1),(1821,12,1,20,96,1),(1822,12,1,20,97,1),(1823,12,1,20,98,1),(1824,12,1,20,99,1),(1825,12,1,20,100,1),(1826,12,1,20,101,1),(1827,12,1,20,102,1),(1828,12,1,20,103,1),(1829,12,1,20,104,1),(1830,12,1,20,105,1),(1831,12,1,20,106,1),(1832,12,1,20,107,1),(1833,12,1,20,108,1),(1834,12,1,20,109,1),(1835,12,1,20,110,1),(1836,12,1,20,111,1),(1837,12,1,20,112,1),(1838,12,1,20,113,1),(1839,12,1,20,114,1),(1840,12,1,20,115,1),(1841,12,1,20,116,1),(1842,12,1,20,117,1),(1843,12,1,20,118,1),(1844,12,1,20,119,1),(1845,12,1,20,120,1),(1846,12,1,20,121,1),(1847,12,1,20,122,1),(1848,12,1,20,123,1),(1849,12,1,20,124,1),(1850,12,1,20,125,1),(1851,12,1,20,126,1),(1852,12,1,20,127,1),(1853,12,1,20,128,1),(1854,12,1,20,129,1),(1855,12,1,20,130,1),(1856,12,1,20,131,1),(1857,12,1,20,132,1),(1858,12,1,20,133,1),(1859,12,1,20,134,1),(1860,12,1,20,135,1),(1861,12,1,20,136,1),(1862,12,1,20,137,1),(1863,12,1,20,138,1),(1864,12,1,20,139,1),(1865,12,1,20,140,1),(1866,12,1,20,141,1),(1867,12,1,20,142,1),(1868,12,1,20,143,1),(1869,12,1,20,144,1),(1870,12,1,20,145,1),(1871,12,1,20,146,1),(1872,12,1,20,147,1),(1873,12,1,20,148,1),(1874,12,1,20,149,1),(1875,12,1,20,150,1),(1876,13,1,20,1,1),(1877,13,1,20,2,1),(1878,13,1,20,3,1),(1879,13,1,20,4,1),(1880,13,1,20,5,1),(1881,13,1,20,6,1),(1882,13,1,20,7,1),(1883,13,1,20,8,1),(1884,13,1,20,9,1),(1885,13,1,20,10,1),(1886,13,1,20,11,1),(1887,13,1,20,12,1),(1888,13,1,20,13,1),(1889,13,1,20,14,1),(1890,13,1,20,15,1),(1891,13,1,20,16,1),(1892,13,1,20,17,1),(1893,13,1,20,18,1),(1894,13,1,20,19,1),(1895,13,1,20,20,1),(1896,13,1,20,21,1),(1897,13,1,20,22,1),(1898,13,1,20,23,1),(1899,13,1,20,24,1),(1900,13,1,20,25,1),(1901,13,1,20,26,1),(1902,13,1,20,27,1),(1903,13,1,20,28,1),(1904,13,1,20,29,1),(1905,13,1,20,30,1),(1906,13,1,20,31,1),(1907,13,1,20,32,1),(1908,13,1,20,33,1),(1909,13,1,20,34,1),(1910,13,1,20,35,1),(1911,13,1,20,36,1),(1912,13,1,20,37,1),(1913,13,1,20,38,1),(1914,13,1,20,39,1),(1915,13,1,20,40,1),(1916,13,1,20,41,1),(1917,13,1,20,42,1),(1918,13,1,20,43,1),(1919,13,1,20,44,1),(1920,13,1,20,45,1),(1921,13,1,20,46,1),(1922,13,1,20,47,1),(1923,13,1,20,48,1),(1924,13,1,20,49,1),(1925,13,1,20,50,1),(1926,13,1,20,51,1),(1927,13,1,20,52,1),(1928,13,1,20,53,1),(1929,13,1,20,54,1),(1930,13,1,20,55,1),(1931,13,1,20,56,1),(1932,13,1,20,57,1),(1933,13,1,20,58,1),(1934,13,1,20,59,1),(1935,13,1,20,60,1),(1936,13,1,20,61,1),(1937,13,1,20,62,1),(1938,13,1,20,63,1),(1939,13,1,20,64,1),(1940,13,1,20,65,1),(1941,13,1,20,66,1),(1942,13,1,20,67,1),(1943,13,1,20,68,1),(1944,13,1,20,69,1),(1945,13,1,20,70,1),(1946,13,1,20,71,1),(1947,13,1,20,72,1),(1948,13,1,20,73,1),(1949,13,1,20,74,1),(1950,13,1,20,75,1),(1951,13,1,20,76,1),(1952,13,1,20,77,1),(1953,13,1,20,78,1),(1954,13,1,20,79,1),(1955,13,1,20,80,1),(1956,13,1,20,81,1),(1957,13,1,20,82,1),(1958,13,1,20,83,1),(1959,13,1,20,84,1),(1960,13,1,20,85,1),(1961,13,1,20,86,1),(1962,13,1,20,87,1),(1963,13,1,20,88,1),(1964,13,1,20,89,1),(1965,13,1,20,90,1),(1966,13,1,20,91,1),(1967,13,1,20,92,1),(1968,13,1,20,93,1),(1969,13,1,20,94,1),(1970,13,1,20,95,1),(1971,13,1,20,96,1),(1972,13,1,20,97,1),(1973,13,1,20,98,1),(1974,13,1,20,99,1),(1975,13,1,20,100,1),(1976,13,1,20,101,1),(1977,13,1,20,102,1),(1978,13,1,20,103,1),(1979,13,1,20,104,1),(1980,13,1,20,105,1),(1981,13,1,20,106,1),(1982,13,1,20,107,1),(1983,13,1,20,108,1),(1984,13,1,20,109,1),(1985,13,1,20,110,1),(1986,13,1,20,111,1),(1987,13,1,20,112,1),(1988,13,1,20,113,1),(1989,13,1,20,114,1),(1990,13,1,20,115,1),(1991,13,1,20,116,1),(1992,13,1,20,117,1),(1993,13,1,20,118,1),(1994,13,1,20,119,1),(1995,13,1,20,120,1),(1996,13,1,20,121,1),(1997,13,1,20,122,1),(1998,13,1,20,123,1),(1999,13,1,20,124,1),(2000,13,1,20,125,1),(2001,13,1,20,126,1),(2002,13,1,20,127,1),(2003,13,1,20,128,1),(2004,13,1,20,129,1),(2005,13,1,20,130,1),(2006,13,1,20,131,1),(2007,13,1,20,132,1),(2008,13,1,20,133,1),(2009,13,1,20,134,1),(2010,13,1,20,135,1),(2011,13,1,20,136,1),(2012,13,1,20,137,1),(2013,13,1,20,138,1),(2014,13,1,20,139,1),(2015,13,1,20,140,1),(2016,13,1,20,141,1),(2017,13,1,20,142,1),(2018,13,1,20,143,1),(2019,13,1,20,144,1),(2020,13,1,20,145,1),(2021,13,1,20,146,1),(2022,13,1,20,147,1),(2023,13,1,20,148,1),(2024,13,1,20,149,1),(2025,13,1,20,150,1),(2026,14,1,20,1,1),(2027,14,1,20,2,1),(2028,14,1,20,3,1),(2029,14,1,20,4,1),(2030,14,1,20,5,1),(2031,14,1,20,6,1),(2032,14,1,20,7,1),(2033,14,1,20,8,1),(2034,14,1,20,9,1),(2035,14,1,20,10,1),(2036,14,1,20,11,1),(2037,14,1,20,12,1),(2038,14,1,20,13,1),(2039,14,1,20,14,1),(2040,14,1,20,15,1),(2041,14,1,20,16,1),(2042,14,1,20,17,1),(2043,14,1,20,18,1),(2044,14,1,20,19,1),(2045,14,1,20,20,1),(2046,14,1,20,21,1),(2047,14,1,20,22,1),(2048,14,1,20,23,1),(2049,14,1,20,24,1),(2050,14,1,20,25,1),(2051,14,1,20,26,1),(2052,14,1,20,27,1),(2053,14,1,20,28,1),(2054,14,1,20,29,1),(2055,14,1,20,30,1),(2056,14,1,20,31,1),(2057,14,1,20,32,1),(2058,14,1,20,33,1),(2059,14,1,20,34,1),(2060,14,1,20,35,1),(2061,14,1,20,36,1),(2062,14,1,20,37,1),(2063,14,1,20,38,1),(2064,14,1,20,39,1),(2065,14,1,20,40,1),(2066,14,1,20,41,1),(2067,14,1,20,42,1),(2068,14,1,20,43,1),(2069,14,1,20,44,1),(2070,14,1,20,45,1),(2071,14,1,20,46,1),(2072,14,1,20,47,1),(2073,14,1,20,48,1),(2074,14,1,20,49,1),(2075,14,1,20,50,1),(2076,14,1,20,51,1),(2077,14,1,20,52,1),(2078,14,1,20,53,1),(2079,14,1,20,54,1),(2080,14,1,20,55,1),(2081,14,1,20,56,1),(2082,14,1,20,57,1),(2083,14,1,20,58,1),(2084,14,1,20,59,1),(2085,14,1,20,60,1),(2086,14,1,20,61,1),(2087,14,1,20,62,1),(2088,14,1,20,63,1),(2089,14,1,20,64,1),(2090,14,1,20,65,1),(2091,14,1,20,66,1),(2092,14,1,20,67,1),(2093,14,1,20,68,1),(2094,14,1,20,69,1),(2095,14,1,20,70,1),(2096,14,1,20,71,1),(2097,14,1,20,72,1),(2098,14,1,20,73,1),(2099,14,1,20,74,1),(2100,14,1,20,75,1),(2101,14,1,20,76,1),(2102,14,1,20,77,1),(2103,14,1,20,78,1),(2104,14,1,20,79,1),(2105,14,1,20,80,1),(2106,14,1,20,81,1),(2107,14,1,20,82,1),(2108,14,1,20,83,1),(2109,14,1,20,84,1),(2110,14,1,20,85,1),(2111,14,1,20,86,1),(2112,14,1,20,87,1),(2113,14,1,20,88,1),(2114,14,1,20,89,1),(2115,14,1,20,90,1),(2116,14,1,20,91,1),(2117,14,1,20,92,1),(2118,14,1,20,93,1),(2119,14,1,20,94,1),(2120,14,1,20,95,1),(2121,14,1,20,96,1),(2122,14,1,20,97,1),(2123,14,1,20,98,1),(2124,14,1,20,99,1),(2125,14,1,20,100,1),(2126,14,1,20,101,1),(2127,14,1,20,102,1),(2128,14,1,20,103,1),(2129,14,1,20,104,1),(2130,14,1,20,105,1),(2131,14,1,20,106,1),(2132,14,1,20,107,1),(2133,14,1,20,108,1),(2134,14,1,20,109,1),(2135,14,1,20,110,1),(2136,14,1,20,111,1),(2137,14,1,20,112,1),(2138,14,1,20,113,1),(2139,14,1,20,114,1),(2140,14,1,20,115,1),(2141,14,1,20,116,1),(2142,14,1,20,117,1),(2143,14,1,20,118,1),(2144,14,1,20,119,1),(2145,14,1,20,120,1),(2146,14,1,20,121,1),(2147,14,1,20,122,1),(2148,14,1,20,123,1),(2149,14,1,20,124,1),(2150,14,1,20,125,1),(2151,14,1,20,126,1),(2152,14,1,20,127,1),(2153,14,1,20,128,1),(2154,14,1,20,129,1),(2155,14,1,20,130,1),(2156,14,1,20,131,1),(2157,14,1,20,132,1),(2158,14,1,20,133,1),(2159,14,1,20,134,1),(2160,14,1,20,135,1),(2161,14,1,20,136,1),(2162,14,1,20,137,1),(2163,14,1,20,138,1),(2164,14,1,20,139,1),(2165,14,1,20,140,1),(2166,14,1,20,141,1),(2167,14,1,20,142,1),(2168,14,1,20,143,1),(2169,14,1,20,144,1),(2170,14,1,20,145,1),(2171,14,1,20,146,1),(2172,14,1,20,147,1),(2173,14,1,20,148,1),(2174,14,1,20,149,1),(2175,14,1,20,150,1);
/*!40000 ALTER TABLE `bilet` ENABLE KEYS */;
UNLOCK TABLES;
/*!50003 SET @saved_cs_client      = @@character_set_client */ ;
/*!50003 SET @saved_cs_results     = @@character_set_results */ ;
/*!50003 SET @saved_col_connection = @@collation_connection */ ;
/*!50003 SET character_set_client  = utf8mb4 */ ;
/*!50003 SET character_set_results = utf8mb4 */ ;
/*!50003 SET collation_connection  = utf8mb4_0900_ai_ci */ ;
/*!50003 SET @saved_sql_mode       = @@sql_mode */ ;
/*!50003 SET sql_mode              = 'STRICT_TRANS_TABLES,NO_ENGINE_SUBSTITUTION' */ ;
DELIMITER ;;
/*!50003 CREATE*/ /*!50017 DEFINER=`root`@`localhost`*/ /*!50003 TRIGGER `bilet_AFTER_UPDATE` AFTER UPDATE ON `bilet` FOR EACH ROW BEGIN
IF New.Id_statusu=3 THEN
INSERT INTO rachunek(Data,Id_pracownika,Kwota) 
VALUES(now(),New.Id_pracownika,New.Cena);
END IF;
END */;;
DELIMITER ;
/*!50003 SET sql_mode              = @saved_sql_mode */ ;
/*!50003 SET character_set_client  = @saved_cs_client */ ;
/*!50003 SET character_set_results = @saved_cs_results */ ;
/*!50003 SET collation_connection  = @saved_col_connection */ ;

--
-- Table structure for table `film`
--

DROP TABLE IF EXISTS `film`;
/*!40101 SET @saved_cs_client     = @@character_set_client */;
/*!50503 SET character_set_client = utf8mb4 */;
CREATE TABLE `film` (
  `Id_filmu` int NOT NULL AUTO_INCREMENT,
  `Nazwa` varchar(50) NOT NULL,
  `Id_gatunku` int NOT NULL,
  `Id_rezysera` int NOT NULL,
  `Id_PEGI` int NOT NULL COMMENT 'Dodać check constraint xD',
  `Czas_trwania` time(6) NOT NULL,
  `Obsada` varchar(255) DEFAULT NULL,
  PRIMARY KEY (`Id_filmu`),
  KEY `Nazwa` (`Nazwa`),
  KEY `FKFilm519609` (`Id_rezysera`),
  KEY `Id_gatunku` (`Id_gatunku`),
  KEY `Id_PEGI` (`Id_PEGI`),
  CONSTRAINT `FKFilm519609` FOREIGN KEY (`Id_rezysera`) REFERENCES `rezyser` (`Id_rezysera`),
  CONSTRAINT `Id_gatunku` FOREIGN KEY (`Id_gatunku`) REFERENCES `gatunektab` (`Id_gatunku`),
  CONSTRAINT `Id_PEGI` FOREIGN KEY (`Id_PEGI`) REFERENCES `pegitab` (`Id_PEGI`)
) ENGINE=InnoDB AUTO_INCREMENT=15 DEFAULT CHARSET=utf8mb4 COLLATE=utf8mb4_0900_ai_ci;
/*!40101 SET character_set_client = @saved_cs_client */;

--
-- Dumping data for table `film`
--

LOCK TABLES `film` WRITE;
/*!40000 ALTER TABLE `film` DISABLE KEYS */;
INSERT INTO `film` VALUES (1,'Borat',1,8,1,'03:14:15.000000','przystojny kazach'),(2,'Gwiezdne wojny',4,13,3,'02:30:00.000000','Łukasz Niebochodzca'),(3,'Władca pierścieni',3,7,3,'03:00:00.000000','Arazgon'),(4,'Hobbit',3,7,2,'03:00:00.000000','Gondolf'),(5,'Avangers',3,2,1,'03:20:00.000000','człowiek żelazko'),(6,'Czerwony Kapturek',7,1,5,'01:10:00.000000','wilk i babcia'),(7,'W lesie',2,6,1,'02:21:43.000000','Taka jaka byla'),(12,'Incepcja',4,11,5,'01:30:00.000000','Nie wiem');
/*!40000 ALTER TABLE `film` ENABLE KEYS */;
UNLOCK TABLES;

--
-- Temporary view structure for view `film_view`
--

DROP TABLE IF EXISTS `film_view`;
/*!50001 DROP VIEW IF EXISTS `film_view`*/;
SET @saved_cs_client     = @@character_set_client;
/*!50503 SET character_set_client = utf8mb4 */;
/*!50001 CREATE VIEW `film_view` AS SELECT 
 1 AS `Id_filmu`,
 1 AS `Nazwa`,
 1 AS `Imie`,
 1 AS `Nazwisko`,
 1 AS `Czas_trwania`,
 1 AS `Obsada`,
 1 AS `Nazwa_PEGI`,
 1 AS `Nazwa_gatunku`*/;
SET character_set_client = @saved_cs_client;

--
-- Table structure for table `gatunektab`
--

DROP TABLE IF EXISTS `gatunektab`;
/*!40101 SET @saved_cs_client     = @@character_set_client */;
/*!50503 SET character_set_client = utf8mb4 */;
CREATE TABLE `gatunektab` (
  `Id_gatunku` int NOT NULL AUTO_INCREMENT,
  `Nazwa_gatunku` varchar(50) NOT NULL,
  PRIMARY KEY (`Id_gatunku`),
  KEY `Nazwa_gatunku` (`Nazwa_gatunku`)
) ENGINE=InnoDB AUTO_INCREMENT=8 DEFAULT CHARSET=utf8mb4 COLLATE=utf8mb4_0900_ai_ci;
/*!40101 SET character_set_client = @saved_cs_client */;

--
-- Dumping data for table `gatunektab`
--

LOCK TABLES `gatunektab` WRITE;
/*!40000 ALTER TABLE `gatunektab` DISABLE KEYS */;
INSERT INTO `gatunektab` VALUES (6,'Akcji'),(5,'Dokumentalny'),(2,'Dramat'),(1,'Komedia'),(7,'Romans'),(4,'Sci-Fi'),(3,'Thriller');
/*!40000 ALTER TABLE `gatunektab` ENABLE KEYS */;
UNLOCK TABLES;

--
-- Table structure for table `login`
--

DROP TABLE IF EXISTS `login`;
/*!40101 SET @saved_cs_client     = @@character_set_client */;
/*!50503 SET character_set_client = utf8mb4 */;
CREATE TABLE `login` (
  `Mail` varchar(50) NOT NULL,
  `Haslo` varchar(50) NOT NULL,
  `Id_typu` int NOT NULL,
  PRIMARY KEY (`Mail`),
  KEY `Id_typu` (`Id_typu`),
  CONSTRAINT `Id_typu` FOREIGN KEY (`Id_typu`) REFERENCES `typtab` (`Id_typu`)
) ENGINE=InnoDB DEFAULT CHARSET=utf8mb4 COLLATE=utf8mb4_0900_ai_ci;
/*!40101 SET character_set_client = @saved_cs_client */;

--
-- Dumping data for table `login`
--

LOCK TABLES `login` WRITE;
/*!40000 ALTER TABLE `login` DISABLE KEYS */;
INSERT INTO `login` VALUES ('adfasd','adgfd',3),('bazy@danych.pwr','dX5CTl',2),('bazydanych123@gmail.com','bazydanych',3),('cezary@cezary.cez','cezaryhaslo',2),('czwartek@grudzien.edu','uX4R7Q2Mp2yH',2),('czwartek@listopad.edu','a8waqn1bZA4',2),('dupa@gmail.com','dupa123',3),('Jedrzej.PiatekXD@gmail.com','Piatek123',3),('Jonasz@koran.mekka','jonasz123',2),('KacperS@polska.pl','haslo123',3),('kapitan@hulk.com','haslo123',3),('niedziela@listopad.edu','cTMVFXvHNH',1),('piatek@grudzien.edu','2pdgkmdS',3),('piatek@listopad.edu','CBSzq3t1yEwv',2),('pleban6996@mail.com','haslomaslo123',3),('plebian@gmail.com','testhaslo',3),('poniedzialek@listopad.edu','2pdgkmdS',3),('praca@jaca.work','jacapraca',2),('sobota@listopad.edu','TJLoURKDA4vj',2),('sroda@grudzien.edu','oshPx7Awf3x',2),('sroda@listopad.edu','wodGzrug',2),('trak@spartakus.rzym','haslo123',3),('wojciech@kedziak.com','kedziak123',3),('wtorek@listopad.edu','w1TDgU54wt',2);
/*!40000 ALTER TABLE `login` ENABLE KEYS */;
UNLOCK TABLES;

--
-- Table structure for table `miejsce`
--

DROP TABLE IF EXISTS `miejsce`;
/*!40101 SET @saved_cs_client     = @@character_set_client */;
/*!50503 SET character_set_client = utf8mb4 */;
CREATE TABLE `miejsce` (
  `Id_miejsca` int NOT NULL AUTO_INCREMENT,
  `Rzad` int NOT NULL,
  `Kolumna` int NOT NULL,
  `Id_sali` int NOT NULL,
  PRIMARY KEY (`Id_miejsca`),
  KEY `Id_sali2` (`Id_sali`),
  CONSTRAINT `Id_sali2` FOREIGN KEY (`Id_sali`) REFERENCES `sala` (`Id_sali`)
) ENGINE=InnoDB AUTO_INCREMENT=526 DEFAULT CHARSET=utf8mb4 COLLATE=utf8mb4_0900_ai_ci;
/*!40101 SET character_set_client = @saved_cs_client */;

--
-- Dumping data for table `miejsce`
--

LOCK TABLES `miejsce` WRITE;
/*!40000 ALTER TABLE `miejsce` DISABLE KEYS */;
INSERT INTO `miejsce` VALUES (1,1,1,1),(2,1,2,1),(3,1,3,1),(4,1,4,1),(5,1,5,1),(6,1,6,1),(7,1,7,1),(8,1,8,1),(9,1,9,1),(10,1,10,1),(11,2,1,1),(12,2,2,1),(13,2,3,1),(14,2,4,1),(15,2,5,1),(16,2,6,1),(17,2,7,1),(18,2,8,1),(19,2,9,1),(20,2,10,1),(21,3,1,1),(22,3,2,1),(23,3,3,1),(24,3,4,1),(25,3,5,1),(26,3,6,1),(27,3,7,1),(28,3,8,1),(29,3,9,1),(30,3,10,1),(31,4,1,1),(32,4,2,1),(33,4,3,1),(34,4,4,1),(35,4,5,1),(36,4,6,1),(37,4,7,1),(38,4,8,1),(39,4,9,1),(40,4,10,1),(41,5,1,1),(42,5,2,1),(43,5,3,1),(44,5,4,1),(45,5,5,1),(46,5,6,1),(47,5,7,1),(48,5,8,1),(49,5,9,1),(50,5,10,1),(51,6,1,1),(52,6,2,1),(53,6,3,1),(54,6,4,1),(55,6,5,1),(56,6,6,1),(57,6,7,1),(58,6,8,1),(59,6,9,1),(60,6,10,1),(61,7,1,1),(62,7,2,1),(63,7,3,1),(64,7,4,1),(65,7,5,1),(66,7,6,1),(67,7,7,1),(68,7,8,1),(69,7,9,1),(70,7,10,1),(71,8,1,1),(72,8,2,1),(73,8,3,1),(74,8,4,1),(75,8,5,1),(76,8,6,1),(77,8,7,1),(78,8,8,1),(79,8,9,1),(80,8,10,1),(81,9,1,1),(82,9,2,1),(83,9,3,1),(84,9,4,1),(85,9,5,1),(86,9,6,1),(87,9,7,1),(88,9,8,1),(89,9,9,1),(90,9,10,1),(91,10,1,1),(92,10,2,1),(93,10,3,1),(94,10,4,1),(95,10,5,1),(96,10,6,1),(97,10,7,1),(98,10,8,1),(99,10,9,1),(100,10,10,1),(101,11,1,1),(102,11,2,1),(103,11,3,1),(104,11,4,1),(105,11,5,1),(106,11,6,1),(107,11,7,1),(108,11,8,1),(109,11,9,1),(110,11,10,1),(111,12,1,1),(112,12,2,1),(113,12,3,1),(114,12,4,1),(115,12,5,1),(116,12,6,1),(117,12,7,1),(118,12,8,1),(119,12,9,1),(120,12,10,1),(121,13,1,1),(122,13,2,1),(123,13,3,1),(124,13,4,1),(125,13,5,1),(126,13,6,1),(127,13,7,1),(128,13,8,1),(129,13,9,1),(130,13,10,1),(131,14,1,1),(132,14,2,1),(133,14,3,1),(134,14,4,1),(135,14,5,1),(136,14,6,1),(137,14,7,1),(138,14,8,1),(139,14,9,1),(140,14,10,1),(141,15,1,1),(142,15,2,1),(143,15,3,1),(144,15,4,1),(145,15,5,1),(146,15,6,1),(147,15,7,1),(148,15,8,1),(149,15,9,1),(150,15,10,1),(151,1,1,2),(152,1,2,2),(153,1,3,2),(154,1,4,2),(155,1,5,2),(156,1,6,2),(157,1,7,2),(158,1,8,2),(159,1,9,2),(160,1,10,2),(161,1,11,2),(162,1,12,2),(163,1,13,2),(164,1,14,2),(165,1,15,2),(166,2,1,2),(167,2,2,2),(168,2,3,2),(169,2,4,2),(170,2,5,2),(171,2,6,2),(172,2,7,2),(173,2,8,2),(174,2,9,2),(175,2,10,2),(176,2,11,2),(177,2,12,2),(178,2,13,2),(179,2,14,2),(180,2,15,2),(181,3,1,2),(182,3,2,2),(183,3,3,2),(184,3,4,2),(185,3,5,2),(186,3,6,2),(187,3,7,2),(188,3,8,2),(189,3,9,2),(190,3,10,2),(191,3,11,2),(192,3,12,2),(193,3,13,2),(194,3,14,2),(195,3,15,2),(196,4,1,2),(197,4,2,2),(198,4,3,2),(199,4,4,2),(200,4,5,2),(201,4,6,2),(202,4,7,2),(203,4,8,2),(204,4,9,2),(205,4,10,2),(206,4,11,2),(207,4,12,2),(208,4,13,2),(209,4,14,2),(210,4,15,2),(211,5,1,2),(212,5,2,2),(213,5,3,2),(214,5,4,2),(215,5,5,2),(216,5,6,2),(217,5,7,2),(218,5,8,2),(219,5,9,2),(220,5,10,2),(221,5,11,2),(222,5,12,2),(223,5,13,2),(224,5,14,2),(225,5,15,2),(226,6,1,2),(227,6,2,2),(228,6,3,2),(229,6,4,2),(230,6,5,2),(231,6,6,2),(232,6,7,2),(233,6,8,2),(234,6,9,2),(235,6,10,2),(236,6,11,2),(237,6,12,2),(238,6,13,2),(239,6,14,2),(240,6,15,2),(241,7,1,2),(242,7,2,2),(243,7,3,2),(244,7,4,2),(245,7,5,2),(246,7,6,2),(247,7,7,2),(248,7,8,2),(249,7,9,2),(250,7,10,2),(251,7,11,2),(252,7,12,2),(253,7,13,2),(254,7,14,2),(255,7,15,2),(256,8,1,2),(257,8,2,2),(258,8,3,2),(259,8,4,2),(260,8,5,2),(261,8,6,2),(262,8,7,2),(263,8,8,2),(264,8,9,2),(265,8,10,2),(266,8,11,2),(267,8,12,2),(268,8,13,2),(269,8,14,2),(270,8,15,2),(271,9,1,2),(272,9,2,2),(273,9,3,2),(274,9,4,2),(275,9,5,2),(276,9,6,2),(277,9,7,2),(278,9,8,2),(279,9,9,2),(280,9,10,2),(281,9,11,2),(282,9,12,2),(283,9,13,2),(284,9,14,2),(285,9,15,2),(286,10,1,2),(287,10,2,2),(288,10,3,2),(289,10,4,2),(290,10,5,2),(291,10,6,2),(292,10,7,2),(293,10,8,2),(294,10,9,2),(295,10,10,2),(296,10,11,2),(297,10,12,2),(298,10,13,2),(299,10,14,2),(300,10,15,2),(301,1,1,3),(302,1,2,3),(303,1,3,3),(304,1,4,3),(305,1,5,3),(306,1,6,3),(307,1,7,3),(308,1,8,3),(309,1,9,3),(310,1,10,3),(311,1,11,3),(312,1,12,3),(313,1,13,3),(314,1,14,3),(315,1,15,3),(316,2,1,3),(317,2,2,3),(318,2,3,3),(319,2,4,3),(320,2,5,3),(321,2,6,3),(322,2,7,3),(323,2,8,3),(324,2,9,3),(325,2,10,3),(326,2,11,3),(327,2,12,3),(328,2,13,3),(329,2,14,3),(330,2,15,3),(331,3,1,3),(332,3,2,3),(333,3,3,3),(334,3,4,3),(335,3,5,3),(336,3,6,3),(337,3,7,3),(338,3,8,3),(339,3,9,3),(340,3,10,3),(341,3,11,3),(342,3,12,3),(343,3,13,3),(344,3,14,3),(345,3,15,3),(346,4,1,3),(347,4,2,3),(348,4,3,3),(349,4,4,3),(350,4,5,3),(351,4,6,3),(352,4,7,3),(353,4,8,3),(354,4,9,3),(355,4,10,3),(356,4,11,3),(357,4,12,3),(358,4,13,3),(359,4,14,3),(360,4,15,3),(361,5,1,3),(362,5,2,3),(363,5,3,3),(364,5,4,3),(365,5,5,3),(366,5,6,3),(367,5,7,3),(368,5,8,3),(369,5,9,3),(370,5,10,3),(371,5,11,3),(372,5,12,3),(373,5,13,3),(374,5,14,3),(375,5,15,3),(376,6,1,3),(377,6,2,3),(378,6,3,3),(379,6,4,3),(380,6,5,3),(381,6,6,3),(382,6,7,3),(383,6,8,3),(384,6,9,3),(385,6,10,3),(386,6,11,3),(387,6,12,3),(388,6,13,3),(389,6,14,3),(390,6,15,3),(391,7,1,3),(392,7,2,3),(393,7,3,3),(394,7,4,3),(395,7,5,3),(396,7,6,3),(397,7,7,3),(398,7,8,3),(399,7,9,3),(400,7,10,3),(401,7,11,3),(402,7,12,3),(403,7,13,3),(404,7,14,3),(405,7,15,3),(406,8,1,3),(407,8,2,3),(408,8,3,3),(409,8,4,3),(410,8,5,3),(411,8,6,3),(412,8,7,3),(413,8,8,3),(414,8,9,3),(415,8,10,3),(416,8,11,3),(417,8,12,3),(418,8,13,3),(419,8,14,3),(420,8,15,3),(421,9,1,3),(422,9,2,3),(423,9,3,3),(424,9,4,3),(425,9,5,3),(426,9,6,3),(427,9,7,3),(428,9,8,3),(429,9,9,3),(430,9,10,3),(431,9,11,3),(432,9,12,3),(433,9,13,3),(434,9,14,3),(435,9,15,3),(436,10,1,3),(437,10,2,3),(438,10,3,3),(439,10,4,3),(440,10,5,3),(441,10,6,3),(442,10,7,3),(443,10,8,3),(444,10,9,3),(445,10,10,3),(446,10,11,3),(447,10,12,3),(448,10,13,3),(449,10,14,3),(450,10,15,3),(451,11,1,3),(452,11,2,3),(453,11,3,3),(454,11,4,3),(455,11,5,3),(456,11,6,3),(457,11,7,3),(458,11,8,3),(459,11,9,3),(460,11,10,3),(461,11,11,3),(462,11,12,3),(463,11,13,3),(464,11,14,3),(465,11,15,3),(466,12,1,3),(467,12,2,3),(468,12,3,3),(469,12,4,3),(470,12,5,3),(471,12,6,3),(472,12,7,3),(473,12,8,3),(474,12,9,3),(475,12,10,3),(476,12,11,3),(477,12,12,3),(478,12,13,3),(479,12,14,3),(480,12,15,3),(481,13,1,3),(482,13,2,3),(483,13,3,3),(484,13,4,3),(485,13,5,3),(486,13,6,3),(487,13,7,3),(488,13,8,3),(489,13,9,3),(490,13,10,3),(491,13,11,3),(492,13,12,3),(493,13,13,3),(494,13,14,3),(495,13,15,3),(496,14,1,3),(497,14,2,3),(498,14,3,3),(499,14,4,3),(500,14,5,3),(501,14,6,3),(502,14,7,3),(503,14,8,3),(504,14,9,3),(505,14,10,3),(506,14,11,3),(507,14,12,3),(508,14,13,3),(509,14,14,3),(510,14,15,3),(511,15,1,3),(512,15,2,3),(513,15,3,3),(514,15,4,3),(515,15,5,3),(516,15,6,3),(517,15,7,3),(518,15,8,3),(519,15,9,3),(520,15,10,3),(521,15,11,3),(522,15,12,3),(523,15,13,3),(524,15,14,3),(525,15,15,3);
/*!40000 ALTER TABLE `miejsce` ENABLE KEYS */;
UNLOCK TABLES;

--
-- Table structure for table `pegitab`
--

DROP TABLE IF EXISTS `pegitab`;
/*!40101 SET @saved_cs_client     = @@character_set_client */;
/*!50503 SET character_set_client = utf8mb4 */;
CREATE TABLE `pegitab` (
  `Id_PEGI` int NOT NULL AUTO_INCREMENT,
  `Nazwa_PEGI` varchar(3) DEFAULT NULL,
  PRIMARY KEY (`Id_PEGI`),
  KEY `Nazwa_PEGI` (`Nazwa_PEGI`)
) ENGINE=InnoDB AUTO_INCREMENT=8 DEFAULT CHARSET=utf8mb4 COLLATE=utf8mb4_0900_ai_ci;
/*!40101 SET character_set_client = @saved_cs_client */;

--
-- Dumping data for table `pegitab`
--

LOCK TABLES `pegitab` WRITE;
/*!40000 ALTER TABLE `pegitab` DISABLE KEYS */;
INSERT INTO `pegitab` VALUES (3,'12+'),(4,'16+'),(5,'18+'),(1,'3+'),(2,'7+'),(6,'GOR'),(7,'GOR');
/*!40000 ALTER TABLE `pegitab` ENABLE KEYS */;
UNLOCK TABLES;

--
-- Table structure for table `pracownik`
--

DROP TABLE IF EXISTS `pracownik`;
/*!40101 SET @saved_cs_client     = @@character_set_client */;
/*!50503 SET character_set_client = utf8mb4 */;
CREATE TABLE `pracownik` (
  `Id_pracownika` int NOT NULL AUTO_INCREMENT,
  `Imie` varchar(16) NOT NULL,
  `Nazwisko` varchar(32) NOT NULL,
  `Mail` varchar(50) DEFAULT NULL,
  `Stanowisko` varchar(20) NOT NULL,
  PRIMARY KEY (`Id_pracownika`),
  UNIQUE KEY `Mail` (`Mail`),
  CONSTRAINT `Mail2` FOREIGN KEY (`Mail`) REFERENCES `login` (`Mail`)
) ENGINE=InnoDB AUTO_INCREMENT=19 DEFAULT CHARSET=utf8mb4 COLLATE=utf8mb4_0900_ai_ci;
/*!40101 SET character_set_client = @saved_cs_client */;

--
-- Dumping data for table `pracownik`
--

LOCK TABLES `pracownik` WRITE;
/*!40000 ALTER TABLE `pracownik` DISABLE KEYS */;
INSERT INTO `pracownik` VALUES (1,'Buzz','Astral','bazy@danych.pwr','Kierownik zmiany'),(4,'Mikey','Mouse','sroda@grudzien.edu','Pracownik'),(5,'Donald','Duck','czwartek@grudzien.edu','Sprzątacz'),(6,'Goofey','Pies','piatek@grudzien.edu','Kierownik zmiany'),(7,'Cezary','Cezaryn','cezary@cezary.cez','Kasjer'),(9,'Janusz','Kordian','Jonasz@koran.mekka','Bileter'),(13,'Jacek','Pracek','praca@jaca.work','Pracownik');
/*!40000 ALTER TABLE `pracownik` ENABLE KEYS */;
UNLOCK TABLES;

--
-- Temporary view structure for view `pracownik_view`
--

DROP TABLE IF EXISTS `pracownik_view`;
/*!50001 DROP VIEW IF EXISTS `pracownik_view`*/;
SET @saved_cs_client     = @@character_set_client;
/*!50503 SET character_set_client = utf8mb4 */;
/*!50001 CREATE VIEW `pracownik_view` AS SELECT 
 1 AS `Id_pracownika`,
 1 AS `Imie`,
 1 AS `Nazwisko`,
 1 AS `Mail`,
 1 AS `Stanowisko`*/;
SET character_set_client = @saved_cs_client;

--
-- Table structure for table `rachunek`
--

DROP TABLE IF EXISTS `rachunek`;
/*!40101 SET @saved_cs_client     = @@character_set_client */;
/*!50503 SET character_set_client = utf8mb4 */;
CREATE TABLE `rachunek` (
  `Id_zakupu` int NOT NULL AUTO_INCREMENT,
  `Data` timestamp(6) NOT NULL,
  `Id_pracownika` int NOT NULL,
  `Kwota` int NOT NULL,
  `NIP` int DEFAULT NULL,
  PRIMARY KEY (`Id_zakupu`),
  KEY `Id_pracownika` (`Id_pracownika`),
  CONSTRAINT `Id_pracownika` FOREIGN KEY (`Id_pracownika`) REFERENCES `pracownik` (`Id_pracownika`)
) ENGINE=InnoDB AUTO_INCREMENT=31 DEFAULT CHARSET=utf8mb4 COLLATE=utf8mb4_0900_ai_ci;
/*!40101 SET character_set_client = @saved_cs_client */;

--
-- Dumping data for table `rachunek`
--

LOCK TABLES `rachunek` WRITE;
/*!40000 ALTER TABLE `rachunek` DISABLE KEYS */;
INSERT INTO `rachunek` VALUES (1,'2021-01-17 00:24:27.000000',1,20,NULL),(2,'2021-01-17 00:24:27.000000',4,20,NULL),(3,'2021-01-17 00:24:27.000000',5,20,NULL),(4,'2021-01-17 00:24:27.000000',1,20,NULL),(5,'2021-01-17 00:24:27.000000',1,20,NULL),(6,'2021-01-17 00:24:27.000000',1,20,NULL),(7,'2021-01-17 00:24:27.000000',1,20,NULL),(8,'2021-01-24 15:53:25.000000',1,20,NULL),(9,'2021-01-24 15:53:25.000000',1,20,NULL),(10,'2021-01-24 15:53:25.000000',1,20,NULL),(11,'2021-01-24 15:53:25.000000',1,20,NULL),(12,'2021-01-24 15:53:25.000000',1,20,NULL),(13,'2021-01-24 18:25:17.000000',1,20,NULL),(14,'2021-01-24 18:25:17.000000',1,20,NULL),(15,'2021-01-24 18:25:17.000000',1,20,NULL),(16,'2021-01-24 18:25:17.000000',1,20,NULL),(17,'2021-01-24 18:25:17.000000',1,20,NULL),(18,'2021-01-25 21:52:27.000000',1,20,NULL),(19,'2021-01-25 21:54:00.000000',1,20,NULL),(20,'2021-01-26 01:05:52.000000',1,20,NULL),(21,'2021-01-26 01:06:01.000000',1,20,NULL),(22,'2021-01-26 01:34:05.000000',1,20,NULL),(23,'2021-01-26 01:34:12.000000',1,20,NULL),(24,'2021-01-26 01:34:17.000000',1,20,NULL),(25,'2021-01-26 12:01:14.000000',4,20,NULL),(26,'2021-01-26 12:01:19.000000',4,20,NULL),(27,'2021-01-28 12:12:50.000000',4,20,NULL),(28,'2021-02-01 16:38:42.000000',1,20,NULL),(29,'2021-02-01 16:38:48.000000',1,20,NULL),(30,'2021-02-01 16:38:57.000000',1,20,NULL);
/*!40000 ALTER TABLE `rachunek` ENABLE KEYS */;
UNLOCK TABLES;

--
-- Temporary view structure for view `rachunek_view`
--

DROP TABLE IF EXISTS `rachunek_view`;
/*!50001 DROP VIEW IF EXISTS `rachunek_view`*/;
SET @saved_cs_client     = @@character_set_client;
/*!50503 SET character_set_client = utf8mb4 */;
/*!50001 CREATE VIEW `rachunek_view` AS SELECT 
 1 AS `Id_zakupu`,
 1 AS `Data`,
 1 AS `Kwota`,
 1 AS `NIP`*/;
SET character_set_client = @saved_cs_client;

--
-- Table structure for table `rezerwacja`
--

DROP TABLE IF EXISTS `rezerwacja`;
/*!40101 SET @saved_cs_client     = @@character_set_client */;
/*!50503 SET character_set_client = utf8mb4 */;
CREATE TABLE `rezerwacja` (
  `Id_rezerwacji` int NOT NULL AUTO_INCREMENT,
  `Id_biletu` int DEFAULT NULL,
  `Id_uzytkownika` int NOT NULL,
  PRIMARY KEY (`Id_rezerwacji`),
  KEY `Id_biletu` (`Id_biletu`),
  KEY `Id_użytkownika` (`Id_uzytkownika`),
  CONSTRAINT `Id_biletu` FOREIGN KEY (`Id_biletu`) REFERENCES `bilet` (`Id_biletu`),
  CONSTRAINT `Id_użytkownika` FOREIGN KEY (`Id_uzytkownika`) REFERENCES `uzytkownik` (`Id_uzytkownika`)
) ENGINE=InnoDB AUTO_INCREMENT=17 DEFAULT CHARSET=utf8mb4 COLLATE=utf8mb4_0900_ai_ci;
/*!40101 SET character_set_client = @saved_cs_client */;

--
-- Dumping data for table `rezerwacja`
--

LOCK TABLES `rezerwacja` WRITE;
/*!40000 ALTER TABLE `rezerwacja` DISABLE KEYS */;
INSERT INTO `rezerwacja` VALUES (1,4,5),(3,132,4),(4,25,2),(7,10,1),(16,81,17);
/*!40000 ALTER TABLE `rezerwacja` ENABLE KEYS */;
UNLOCK TABLES;
/*!50003 SET @saved_cs_client      = @@character_set_client */ ;
/*!50003 SET @saved_cs_results     = @@character_set_results */ ;
/*!50003 SET @saved_col_connection = @@collation_connection */ ;
/*!50003 SET character_set_client  = utf8mb4 */ ;
/*!50003 SET character_set_results = utf8mb4 */ ;
/*!50003 SET collation_connection  = utf8mb4_0900_ai_ci */ ;
/*!50003 SET @saved_sql_mode       = @@sql_mode */ ;
/*!50003 SET sql_mode              = 'STRICT_TRANS_TABLES,NO_ENGINE_SUBSTITUTION' */ ;
DELIMITER ;;
/*!50003 CREATE*/ /*!50017 DEFINER=`root`@`localhost`*/ /*!50003 TRIGGER `rezerwacja_AFTER_INSERT` AFTER INSERT ON `rezerwacja` FOR EACH ROW BEGIN
	UPDATE  Bilet SET Id_statusu=2
    WHERE new.id_biletu=bilet.id_biletu;
END */;;
DELIMITER ;
/*!50003 SET sql_mode              = @saved_sql_mode */ ;
/*!50003 SET character_set_client  = @saved_cs_client */ ;
/*!50003 SET character_set_results = @saved_cs_results */ ;
/*!50003 SET collation_connection  = @saved_col_connection */ ;
/*!50003 SET @saved_cs_client      = @@character_set_client */ ;
/*!50003 SET @saved_cs_results     = @@character_set_results */ ;
/*!50003 SET @saved_col_connection = @@collation_connection */ ;
/*!50003 SET character_set_client  = utf8mb4 */ ;
/*!50003 SET character_set_results = utf8mb4 */ ;
/*!50003 SET collation_connection  = utf8mb4_0900_ai_ci */ ;
/*!50003 SET @saved_sql_mode       = @@sql_mode */ ;
/*!50003 SET sql_mode              = 'STRICT_TRANS_TABLES,NO_ENGINE_SUBSTITUTION' */ ;
DELIMITER ;;
/*!50003 CREATE*/ /*!50017 DEFINER=`root`@`localhost`*/ /*!50003 TRIGGER `rezerwacja_AFTER_DELETE` AFTER DELETE ON `rezerwacja` FOR EACH ROW BEGIN
	UPDATE  Bilet SET Id_statusu=1
    WHERE old.id_biletu=bilet.id_biletu;
END */;;
DELIMITER ;
/*!50003 SET sql_mode              = @saved_sql_mode */ ;
/*!50003 SET character_set_client  = @saved_cs_client */ ;
/*!50003 SET character_set_results = @saved_cs_results */ ;
/*!50003 SET collation_connection  = @saved_col_connection */ ;

--
-- Temporary view structure for view `rezerwacje_view`
--

DROP TABLE IF EXISTS `rezerwacje_view`;
/*!50001 DROP VIEW IF EXISTS `rezerwacje_view`*/;
SET @saved_cs_client     = @@character_set_client;
/*!50503 SET character_set_client = utf8mb4 */;
/*!50001 CREATE VIEW `rezerwacje_view` AS SELECT 
 1 AS `Id_rezerwacji`,
 1 AS `Data`,
 1 AS `Godzina`,
 1 AS `Nazwa`,
 1 AS `Id_sali`,
 1 AS `rzad`,
 1 AS `kolumna`*/;
SET character_set_client = @saved_cs_client;

--
-- Table structure for table `rezyser`
--

DROP TABLE IF EXISTS `rezyser`;
/*!40101 SET @saved_cs_client     = @@character_set_client */;
/*!50503 SET character_set_client = utf8mb4 */;
CREATE TABLE `rezyser` (
  `Id_rezysera` int NOT NULL AUTO_INCREMENT,
  `Imie` varchar(50) NOT NULL,
  `Nazwisko` varchar(50) NOT NULL,
  PRIMARY KEY (`Id_rezysera`),
  KEY `Imie+Nazwisko` (`Imie`,`Nazwisko`)
) ENGINE=InnoDB AUTO_INCREMENT=15 DEFAULT CHARSET=utf8mb4 COLLATE=utf8mb4_0900_ai_ci;
/*!40101 SET character_set_client = @saved_cs_client */;

--
-- Dumping data for table `rezyser`
--

LOCK TABLES `rezyser` WRITE;
/*!40000 ALTER TABLE `rezyser` DISABLE KEYS */;
INSERT INTO `rezyser` VALUES (11,'Chris','Nolan'),(3,'Chritopher','Nolan'),(5,'Clint','Eastwood'),(13,'George','Lucas'),(12,'Imierez','Nazwiskorez'),(14,'Jakis','Rezyser'),(8,'Larry','Charles'),(9,'Marek','Koterski'),(4,'Martin','Scorsese'),(6,'Mel','Gibson'),(7,'Peter','Jackson'),(1,'Quentin','Tarantino'),(10,'qwdqw','dqwd'),(2,'Stanley','Kubrick');
/*!40000 ALTER TABLE `rezyser` ENABLE KEYS */;
UNLOCK TABLES;

--
-- Table structure for table `sala`
--

DROP TABLE IF EXISTS `sala`;
/*!40101 SET @saved_cs_client     = @@character_set_client */;
/*!50503 SET character_set_client = utf8mb4 */;
CREATE TABLE `sala` (
  `Id_sali` int NOT NULL AUTO_INCREMENT,
  `Ilość_kolumn` int NOT NULL,
  `Ilość_rzedow` int NOT NULL,
  PRIMARY KEY (`Id_sali`)
) ENGINE=InnoDB AUTO_INCREMENT=4 DEFAULT CHARSET=utf8mb4 COLLATE=utf8mb4_0900_ai_ci;
/*!40101 SET character_set_client = @saved_cs_client */;

--
-- Dumping data for table `sala`
--

LOCK TABLES `sala` WRITE;
/*!40000 ALTER TABLE `sala` DISABLE KEYS */;
INSERT INTO `sala` VALUES (1,10,15),(2,15,10),(3,15,15);
/*!40000 ALTER TABLE `sala` ENABLE KEYS */;
UNLOCK TABLES;
/*!50003 SET @saved_cs_client      = @@character_set_client */ ;
/*!50003 SET @saved_cs_results     = @@character_set_results */ ;
/*!50003 SET @saved_col_connection = @@collation_connection */ ;
/*!50003 SET character_set_client  = utf8mb4 */ ;
/*!50003 SET character_set_results = utf8mb4 */ ;
/*!50003 SET collation_connection  = utf8mb4_0900_ai_ci */ ;
/*!50003 SET @saved_sql_mode       = @@sql_mode */ ;
/*!50003 SET sql_mode              = 'STRICT_TRANS_TABLES,NO_ENGINE_SUBSTITUTION' */ ;
DELIMITER ;;
/*!50003 CREATE*/ /*!50017 DEFINER=`root`@`localhost`*/ /*!50003 TRIGGER `sala_AFTER_INSERT` AFTER INSERT ON `sala` FOR EACH ROW BEGIN
DECLARE k  INT;
DECLARE w  INT;
DECLARE  rzedy INT;
DECLARE kolumny INT;
Set k=1;
Set w =1;
SET rzedy = new.ilość_rzedow;
SET kolumny = new.ilość_kolumn;

loop_label: LOOP
    IF w> rzedy then
        LEAVE loop_label;
    END IF;

    IF k> kolumny then
        SET w = w+1;
        SET k = 1;
        ITERATE  loop_label;
    END IF;


    INSERT INTO  miejsce(Rzad,Kolumna,Id_sali)
    Values (w,k,new.Id_sali);
    SET k = k + 1;
END LOOP loop_label;
END */;;
DELIMITER ;
/*!50003 SET sql_mode              = @saved_sql_mode */ ;
/*!50003 SET character_set_client  = @saved_cs_client */ ;
/*!50003 SET character_set_results = @saved_cs_results */ ;
/*!50003 SET collation_connection  = @saved_col_connection */ ;

--
-- Temporary view structure for view `seans_klient_view`
--

DROP TABLE IF EXISTS `seans_klient_view`;
/*!50001 DROP VIEW IF EXISTS `seans_klient_view`*/;
SET @saved_cs_client     = @@character_set_client;
/*!50503 SET character_set_client = utf8mb4 */;
/*!50001 CREATE VIEW `seans_klient_view` AS SELECT 
 1 AS `Id_seansu`,
 1 AS `Data`,
 1 AS `Godzina`,
 1 AS `Id_sali`,
 1 AS `Napisy`,
 1 AS `Jezyk`,
 1 AS `Czas_Trwania`,
 1 AS `Nazwa`*/;
SET character_set_client = @saved_cs_client;

--
-- Temporary view structure for view `seans_pracownik_view`
--

DROP TABLE IF EXISTS `seans_pracownik_view`;
/*!50001 DROP VIEW IF EXISTS `seans_pracownik_view`*/;
SET @saved_cs_client     = @@character_set_client;
/*!50503 SET character_set_client = utf8mb4 */;
/*!50001 CREATE VIEW `seans_pracownik_view` AS SELECT 
 1 AS `Id_seansu`,
 1 AS `Data`,
 1 AS `Godzina`,
 1 AS `Id_sali`,
 1 AS `Napisy`,
 1 AS `Jezyk`,
 1 AS `Czas_Trwania`,
 1 AS `Nazwa`,
 1 AS `Mail`,
 1 AS `Imie`,
 1 AS `Nazwisko`*/;
SET character_set_client = @saved_cs_client;

--
-- Table structure for table `seanse`
--

DROP TABLE IF EXISTS `seanse`;
/*!40101 SET @saved_cs_client     = @@character_set_client */;
/*!50503 SET character_set_client = utf8mb4 */;
CREATE TABLE `seanse` (
  `Id_seansu` int NOT NULL AUTO_INCREMENT,
  `Godzina` time(6) NOT NULL,
  `Data` date NOT NULL,
  `Id_filmu` int NOT NULL,
  `Id_sali` int NOT NULL,
  `Napisy` int NOT NULL,
  `Jezyk` varchar(32) NOT NULL,
  `Id_pracownika` int NOT NULL COMMENT 'Opiekun sali',
  `Czas_trwania` time(6) NOT NULL,
  PRIMARY KEY (`Id_seansu`),
  KEY `Id_filmu` (`Id_filmu`),
  KEY `Id_pracownika2` (`Id_pracownika`),
  KEY `Id_sali` (`Id_sali`),
  KEY `Data` (`Data` DESC),
  CONSTRAINT `Id_filmu` FOREIGN KEY (`Id_filmu`) REFERENCES `film` (`Id_filmu`),
  CONSTRAINT `Id_pracownika2` FOREIGN KEY (`Id_pracownika`) REFERENCES `pracownik` (`Id_pracownika`),
  CONSTRAINT `Id_sali` FOREIGN KEY (`Id_sali`) REFERENCES `sala` (`Id_sali`)
) ENGINE=InnoDB AUTO_INCREMENT=16 DEFAULT CHARSET=utf8mb4 COLLATE=utf8mb4_0900_ai_ci;
/*!40101 SET character_set_client = @saved_cs_client */;

--
-- Dumping data for table `seanse`
--

LOCK TABLES `seanse` WRITE;
/*!40000 ALTER TABLE `seanse` DISABLE KEYS */;
INSERT INTO `seanse` VALUES (1,'11:25:00.000000','2022-06-19',1,1,1,'Polski',4,'03:15:00.000000'),(3,'12:00:00.000000','2020-12-14',3,2,1,'Angielski',1,'03:15:00.000000'),(4,'21:00:00.000000','2020-12-14',4,2,1,'Angielski',9,'03:00:00.000000'),(5,'19:30:00.000000','2029-12-14',6,3,0,'Polski',13,'01:30:00.000000'),(6,'13:00:00.000000','2020-12-16',3,1,1,'Polski',1,'03:15:00.000000'),(7,'14:00:00.000000','2021-01-02',1,1,0,'Polski',1,'03:00:00.000000'),(8,'13:12:00.000000','2222-11-11',3,2,0,'Polski',5,'01:30:00.000000'),(12,'16:30:00.000000','2025-08-12',1,1,0,'Polski',1,'01:30:00.000000'),(13,'19:00:00.000000','2029-08-28',1,1,1,'Polski',1,'02:32:00.000000'),(14,'15:00:00.000000','2028-09-12',1,1,0,'Angielski',1,'03:00:00.000000');
/*!40000 ALTER TABLE `seanse` ENABLE KEYS */;
UNLOCK TABLES;
/*!50003 SET @saved_cs_client      = @@character_set_client */ ;
/*!50003 SET @saved_cs_results     = @@character_set_results */ ;
/*!50003 SET @saved_col_connection = @@collation_connection */ ;
/*!50003 SET character_set_client  = utf8mb4 */ ;
/*!50003 SET character_set_results = utf8mb4 */ ;
/*!50003 SET collation_connection  = utf8mb4_0900_ai_ci */ ;
/*!50003 SET @saved_sql_mode       = @@sql_mode */ ;
/*!50003 SET sql_mode              = 'STRICT_TRANS_TABLES,NO_ENGINE_SUBSTITUTION' */ ;
DELIMITER ;;
/*!50003 CREATE*/ /*!50017 DEFINER=`root`@`localhost`*/ /*!50003 TRIGGER `seanse_AFTER_INSERT` AFTER INSERT ON `seanse` FOR EACH ROW BEGIN
DECLARE k  INT;
DECLARE w  INT;
DECLARE    i INT;
DECLARE  rzedy INT;
DECLARE kolumny INT;
DECLARE plusindeks INT;
Set k=1;
Set w =1;
Set i = 1;
SET rzedy = (Select distinct ilość_rzedow from Sala join seanse using(Id_sali) where Sala.Id_sali = New.Id_sali);
SET kolumny = (Select distinct ilość_kolumn from Sala join seanse using(Id_sali) where Sala.Id_sali = New.Id_sali);

loop_label: LOOP
    IF w> rzedy then
        LEAVE loop_label;
    END IF;

    IF k> kolumny then
        SET w = w+1;
        SET k = 1;
        ITERATE  loop_label;
    END IF;

    if new.Id_sali = 1 then
    set plusindeks = 0;
    end if;
    if new.Id_sali = 2 then
    set plusindeks = 150;
    end if;
    if new.Id_sali = 3 then
    set plusindeks = 300;
    end if;

    INSERT INTO  Bilet(Id_seansu,Id_pracownika,Cena,Id_miejsca,Id_statusu)
    Values (NEW.Id_Seansu,NEW.Id_Pracownika,20,plusindeks + i,1);
    SET i = i +1;
    SET k = k +1;
END LOOP loop_label;
END */;;
DELIMITER ;
/*!50003 SET sql_mode              = @saved_sql_mode */ ;
/*!50003 SET character_set_client  = @saved_cs_client */ ;
/*!50003 SET character_set_results = @saved_cs_results */ ;
/*!50003 SET collation_connection  = @saved_col_connection */ ;

--
-- Table structure for table `statustab`
--

DROP TABLE IF EXISTS `statustab`;
/*!40101 SET @saved_cs_client     = @@character_set_client */;
/*!50503 SET character_set_client = utf8mb4 */;
CREATE TABLE `statustab` (
  `Id_statusu` int NOT NULL AUTO_INCREMENT,
  `Nazwa_statusu` varchar(255) DEFAULT NULL,
  PRIMARY KEY (`Id_statusu`)
) ENGINE=InnoDB AUTO_INCREMENT=4 DEFAULT CHARSET=utf8mb4 COLLATE=utf8mb4_0900_ai_ci;
/*!40101 SET character_set_client = @saved_cs_client */;

--
-- Dumping data for table `statustab`
--

LOCK TABLES `statustab` WRITE;
/*!40000 ALTER TABLE `statustab` DISABLE KEYS */;
INSERT INTO `statustab` VALUES (1,'Wolne'),(2,'Zarezerwowane'),(3,'Zajete');
/*!40000 ALTER TABLE `statustab` ENABLE KEYS */;
UNLOCK TABLES;

--
-- Table structure for table `typtab`
--

DROP TABLE IF EXISTS `typtab`;
/*!40101 SET @saved_cs_client     = @@character_set_client */;
/*!50503 SET character_set_client = utf8mb4 */;
CREATE TABLE `typtab` (
  `Id_typu` int NOT NULL AUTO_INCREMENT,
  `Nazwa_typu` varchar(20) NOT NULL,
  PRIMARY KEY (`Id_typu`)
) ENGINE=InnoDB AUTO_INCREMENT=4 DEFAULT CHARSET=utf8mb4 COLLATE=utf8mb4_0900_ai_ci;
/*!40101 SET character_set_client = @saved_cs_client */;

--
-- Dumping data for table `typtab`
--

LOCK TABLES `typtab` WRITE;
/*!40000 ALTER TABLE `typtab` DISABLE KEYS */;
INSERT INTO `typtab` VALUES (1,'Menadzer'),(2,'Pracownik'),(3,'Klient');
/*!40000 ALTER TABLE `typtab` ENABLE KEYS */;
UNLOCK TABLES;

--
-- Table structure for table `uzytkownik`
--

DROP TABLE IF EXISTS `uzytkownik`;
/*!40101 SET @saved_cs_client     = @@character_set_client */;
/*!50503 SET character_set_client = utf8mb4 */;
CREATE TABLE `uzytkownik` (
  `Id_uzytkownika` int NOT NULL AUTO_INCREMENT,
  `Imie` varchar(16) NOT NULL,
  `Nazwisko` varchar(32) NOT NULL,
  `Numer_telefonu` int DEFAULT NULL,
  `Mail` varchar(50) DEFAULT NULL,
  PRIMARY KEY (`Id_uzytkownika`),
  UNIQUE KEY `Mail` (`Mail`),
  CONSTRAINT `Mail` FOREIGN KEY (`Mail`) REFERENCES `login` (`Mail`)
) ENGINE=InnoDB AUTO_INCREMENT=18 DEFAULT CHARSET=utf8mb4 COLLATE=utf8mb4_0900_ai_ci;
/*!40101 SET character_set_client = @saved_cs_client */;

--
-- Dumping data for table `uzytkownik`
--

LOCK TABLES `uzytkownik` WRITE;
/*!40000 ALTER TABLE `uzytkownik` DISABLE KEYS */;
INSERT INTO `uzytkownik` VALUES (1,'Adam','Kowalski',123459,'poniedzialek@listopad.edu'),(2,'Staszek','Kowalski',123459,'wtorek@listopad.edu'),(3,'Maria','Nowak',123459213,'sroda@listopad.edu'),(4,'Natalia','Koza',123459523,'czwartek@listopad.edu'),(5,'Maciej','Mączyński',123451239,'piatek@listopad.edu'),(6,'Jędrzej','Piątek',123454259,'sobota@listopad.edu'),(7,'Kuba','Pawleniak',123122459,'niedziela@listopad.edu'),(12,'trak','spartkaus',666001945,'trak@spartakus.rzym'),(13,'Ahoj','Kapitanie',699678,'kapitan@hulk.com'),(14,'Jedrzej','Piatek ',782123959,'Jedrzej.PiatekXD@gmail.com'),(15,'Bazy','Danych123',11122233,'bazydanych123@gmail.com'),(16,'Kacper','Sarzynski',111222333,'KacperS@polska.pl'),(17,'Wojciech','Kędziak',123654789,'wojciech@kedziak.com');
/*!40000 ALTER TABLE `uzytkownik` ENABLE KEYS */;
UNLOCK TABLES;

--
-- Final view structure for view `film_view`
--

/*!50001 DROP VIEW IF EXISTS `film_view`*/;
/*!50001 SET @saved_cs_client          = @@character_set_client */;
/*!50001 SET @saved_cs_results         = @@character_set_results */;
/*!50001 SET @saved_col_connection     = @@collation_connection */;
/*!50001 SET character_set_client      = utf8mb4 */;
/*!50001 SET character_set_results     = utf8mb4 */;
/*!50001 SET collation_connection      = utf8mb4_0900_ai_ci */;
/*!50001 CREATE ALGORITHM=UNDEFINED */
/*!50013 DEFINER=`root`@`localhost` SQL SECURITY DEFINER */
/*!50001 VIEW `film_view` AS select `film`.`Id_filmu` AS `Id_filmu`,`film`.`Nazwa` AS `Nazwa`,`rezyser`.`Imie` AS `Imie`,`rezyser`.`Nazwisko` AS `Nazwisko`,`film`.`Czas_trwania` AS `Czas_trwania`,`film`.`Obsada` AS `Obsada`,`pegitab`.`Nazwa_PEGI` AS `Nazwa_PEGI`,`gatunektab`.`Nazwa_gatunku` AS `Nazwa_gatunku` from (((`film` join `rezyser` on((`film`.`Id_rezysera` = `rezyser`.`Id_rezysera`))) join `pegitab` on((`film`.`Id_PEGI` = `pegitab`.`Id_PEGI`))) join `gatunektab` on((`film`.`Id_gatunku` = `gatunektab`.`Id_gatunku`))) */;
/*!50001 SET character_set_client      = @saved_cs_client */;
/*!50001 SET character_set_results     = @saved_cs_results */;
/*!50001 SET collation_connection      = @saved_col_connection */;

--
-- Final view structure for view `pracownik_view`
--

/*!50001 DROP VIEW IF EXISTS `pracownik_view`*/;
/*!50001 SET @saved_cs_client          = @@character_set_client */;
/*!50001 SET @saved_cs_results         = @@character_set_results */;
/*!50001 SET @saved_col_connection     = @@collation_connection */;
/*!50001 SET character_set_client      = utf8mb4 */;
/*!50001 SET character_set_results     = utf8mb4 */;
/*!50001 SET collation_connection      = utf8mb4_0900_ai_ci */;
/*!50001 CREATE ALGORITHM=UNDEFINED */
/*!50013 DEFINER=`root`@`localhost` SQL SECURITY DEFINER */
/*!50001 VIEW `pracownik_view` AS select `pracownik`.`Id_pracownika` AS `Id_pracownika`,`pracownik`.`Imie` AS `Imie`,`pracownik`.`Nazwisko` AS `Nazwisko`,`pracownik`.`Mail` AS `Mail`,`pracownik`.`Stanowisko` AS `Stanowisko` from `pracownik` */;
/*!50001 SET character_set_client      = @saved_cs_client */;
/*!50001 SET character_set_results     = @saved_cs_results */;
/*!50001 SET collation_connection      = @saved_col_connection */;

--
-- Final view structure for view `rachunek_view`
--

/*!50001 DROP VIEW IF EXISTS `rachunek_view`*/;
/*!50001 SET @saved_cs_client          = @@character_set_client */;
/*!50001 SET @saved_cs_results         = @@character_set_results */;
/*!50001 SET @saved_col_connection     = @@collation_connection */;
/*!50001 SET character_set_client      = utf8mb4 */;
/*!50001 SET character_set_results     = utf8mb4 */;
/*!50001 SET collation_connection      = utf8mb4_0900_ai_ci */;
/*!50001 CREATE ALGORITHM=UNDEFINED */
/*!50013 DEFINER=`root`@`localhost` SQL SECURITY DEFINER */
/*!50001 VIEW `rachunek_view` AS select `rachunek`.`Id_zakupu` AS `Id_zakupu`,`rachunek`.`Data` AS `Data`,`rachunek`.`Kwota` AS `Kwota`,`rachunek`.`NIP` AS `NIP` from `rachunek` */;
/*!50001 SET character_set_client      = @saved_cs_client */;
/*!50001 SET character_set_results     = @saved_cs_results */;
/*!50001 SET collation_connection      = @saved_col_connection */;

--
-- Final view structure for view `rezerwacje_view`
--

/*!50001 DROP VIEW IF EXISTS `rezerwacje_view`*/;
/*!50001 SET @saved_cs_client          = @@character_set_client */;
/*!50001 SET @saved_cs_results         = @@character_set_results */;
/*!50001 SET @saved_col_connection     = @@collation_connection */;
/*!50001 SET character_set_client      = utf8mb4 */;
/*!50001 SET character_set_results     = utf8mb4 */;
/*!50001 SET collation_connection      = utf8mb4_0900_ai_ci */;
/*!50001 CREATE ALGORITHM=UNDEFINED */
/*!50013 DEFINER=`root`@`localhost` SQL SECURITY DEFINER */
/*!50001 VIEW `rezerwacje_view` AS select `rezerwacja`.`Id_rezerwacji` AS `Id_rezerwacji`,`seanse`.`Data` AS `Data`,`seanse`.`Godzina` AS `Godzina`,`film`.`Nazwa` AS `Nazwa`,`seanse`.`Id_sali` AS `Id_sali`,`miejsce`.`Rzad` AS `rzad`,`miejsce`.`Kolumna` AS `kolumna` from ((((`rezerwacja` join `bilet` on((`rezerwacja`.`Id_biletu` = `bilet`.`Id_biletu`))) join `miejsce` on((`bilet`.`Id_miejsca` = `miejsce`.`Id_miejsca`))) join `seanse` on((`bilet`.`Id_seansu` = `seanse`.`Id_seansu`))) join `film` on((`seanse`.`Id_filmu` = `film`.`Id_filmu`))) */;
/*!50001 SET character_set_client      = @saved_cs_client */;
/*!50001 SET character_set_results     = @saved_cs_results */;
/*!50001 SET collation_connection      = @saved_col_connection */;

--
-- Final view structure for view `seans_klient_view`
--

/*!50001 DROP VIEW IF EXISTS `seans_klient_view`*/;
/*!50001 SET @saved_cs_client          = @@character_set_client */;
/*!50001 SET @saved_cs_results         = @@character_set_results */;
/*!50001 SET @saved_col_connection     = @@collation_connection */;
/*!50001 SET character_set_client      = utf8mb4 */;
/*!50001 SET character_set_results     = utf8mb4 */;
/*!50001 SET collation_connection      = utf8mb4_0900_ai_ci */;
/*!50001 CREATE ALGORITHM=UNDEFINED */
/*!50013 DEFINER=`root`@`localhost` SQL SECURITY DEFINER */
/*!50001 VIEW `seans_klient_view` AS select `seanse`.`Id_seansu` AS `Id_seansu`,`seanse`.`Data` AS `Data`,`seanse`.`Godzina` AS `Godzina`,`seanse`.`Id_sali` AS `Id_sali`,`seanse`.`Napisy` AS `Napisy`,`seanse`.`Jezyk` AS `Jezyk`,`seanse`.`Czas_trwania` AS `Czas_Trwania`,`film`.`Nazwa` AS `Nazwa` from (`seanse` join `film` on((`seanse`.`Id_filmu` = `film`.`Id_filmu`))) */;
/*!50001 SET character_set_client      = @saved_cs_client */;
/*!50001 SET character_set_results     = @saved_cs_results */;
/*!50001 SET collation_connection      = @saved_col_connection */;

--
-- Final view structure for view `seans_pracownik_view`
--

/*!50001 DROP VIEW IF EXISTS `seans_pracownik_view`*/;
/*!50001 SET @saved_cs_client          = @@character_set_client */;
/*!50001 SET @saved_cs_results         = @@character_set_results */;
/*!50001 SET @saved_col_connection     = @@collation_connection */;
/*!50001 SET character_set_client      = utf8mb4 */;
/*!50001 SET character_set_results     = utf8mb4 */;
/*!50001 SET collation_connection      = utf8mb4_0900_ai_ci */;
/*!50001 CREATE ALGORITHM=UNDEFINED */
/*!50013 DEFINER=`root`@`localhost` SQL SECURITY DEFINER */
/*!50001 VIEW `seans_pracownik_view` AS select `seanse`.`Id_seansu` AS `Id_seansu`,`seanse`.`Data` AS `Data`,`seanse`.`Godzina` AS `Godzina`,`seanse`.`Id_sali` AS `Id_sali`,`seanse`.`Napisy` AS `Napisy`,`seanse`.`Jezyk` AS `Jezyk`,`seanse`.`Czas_trwania` AS `Czas_Trwania`,`film`.`Nazwa` AS `Nazwa`,`pracownik`.`Mail` AS `Mail`,`pracownik`.`Imie` AS `Imie`,`pracownik`.`Nazwisko` AS `Nazwisko` from ((`seanse` join `film` on((`seanse`.`Id_filmu` = `film`.`Id_filmu`))) join `pracownik` on((`seanse`.`Id_pracownika` = `pracownik`.`Id_pracownika`))) */;
/*!50001 SET character_set_client      = @saved_cs_client */;
/*!50001 SET character_set_results     = @saved_cs_results */;
/*!50001 SET collation_connection      = @saved_col_connection */;
/*!40103 SET TIME_ZONE=@OLD_TIME_ZONE */;

/*!40101 SET SQL_MODE=@OLD_SQL_MODE */;
/*!40014 SET FOREIGN_KEY_CHECKS=@OLD_FOREIGN_KEY_CHECKS */;
/*!40014 SET UNIQUE_CHECKS=@OLD_UNIQUE_CHECKS */;
/*!40101 SET CHARACTER_SET_CLIENT=@OLD_CHARACTER_SET_CLIENT */;
/*!40101 SET CHARACTER_SET_RESULTS=@OLD_CHARACTER_SET_RESULTS */;
/*!40101 SET COLLATION_CONNECTION=@OLD_COLLATION_CONNECTION */;
/*!40111 SET SQL_NOTES=@OLD_SQL_NOTES */;

-- Dump completed on 2021-02-01 19:56:20
